This is e-upTeX, Version 3.141592653-p4.1.1-u1.30-230214-2.6 (utf8.sjis) (TeX Live 2024) (preloaded format=platex 2024.6.4)  6 DEC 2024 10:08
entering extended mode
 restricted \write18 enabled.
 %&-line parsing enabled.
**HK
(./HK.tex
pLaTeX2e <2023-02-14>+1, based on
LaTeX2e <2024-06-01>
L3 programming layer <2024-05-08>
(c:/seiro/settings/Rsetting/knitrPreamble/knitr_beamer_preamble169.rnw
(c:/texlive/2024/texmf-dist/tex/latex/beamer/beamer.cls
Document Class: beamer 2024/01/06 v3.71 A class for typesetting presentations
(c:/texlive/2024/texmf-dist/tex/latex/beamer/beamerbasemodes.sty
(c:/texlive/2024/texmf-dist/tex/latex/etoolbox/etoolbox.sty
Package: etoolbox 2020/10/05 v2.5k e-TeX tools for LaTeX (JAW)
\etb@tempcnta=\count193
)
\beamer@tempbox=\box69
\beamer@tempcount=\count194
\c@beamerpauses=\count195

(c:/texlive/2024/texmf-dist/tex/latex/beamer/beamerbasedecode.sty
\beamer@slideinframe=\count196
\beamer@minimum=\count197
\beamer@decode@box=\box70
)
\beamer@commentbox=\box71
\beamer@modecount=\count198
)
(c:/texlive/2024/texmf-dist/tex/generic/iftex/iftex.sty
Package: iftex 2022/02/03 v1.0f TeX engine tests
)
\headdp=\dimen157
\footheight=\dimen158
\sidebarheight=\dimen159
\beamer@tempdim=\dimen160
\beamer@finalheight=\dimen161
\beamer@animht=\dimen162
\beamer@animdp=\dimen163
\beamer@animwd=\dimen164
\beamer@leftmargin=\dimen165
\beamer@rightmargin=\dimen166
\beamer@leftsidebar=\dimen167
\beamer@rightsidebar=\dimen168
\beamer@boxsize=\dimen169
\beamer@vboxoffset=\dimen170
\beamer@descdefault=\dimen171
\beamer@descriptionwidth=\dimen172
\beamer@lastskip=\skip49
\beamer@areabox=\box72
\beamer@animcurrent=\box73
\beamer@animshowbox=\box74
\beamer@sectionbox=\box75
\beamer@logobox=\box76
\beamer@linebox=\box77
\beamer@sectioncount=\count199
\beamer@subsubsectionmax=\count266
\beamer@subsectionmax=\count267
\beamer@sectionmax=\count268
\beamer@totalheads=\count269
\beamer@headcounter=\count270
\beamer@partstartpage=\count271
\beamer@sectionstartpage=\count272
\beamer@subsectionstartpage=\count273
\beamer@animationtempa=\count274
\beamer@animationtempb=\count275
\beamer@xpos=\count276
\beamer@ypos=\count277
\beamer@ypos@offset=\count278
\beamer@showpartnumber=\count279
\beamer@currentsubsection=\count280
\beamer@coveringdepth=\count281
\beamer@sectionadjust=\count282
\beamer@toclastsection=\count283
\beamer@tocsectionnumber=\count284

(c:/texlive/2024/texmf-dist/tex/latex/beamer/beamerbaseoptions.sty
(c:/texlive/2024/texmf-dist/tex/latex/graphics/keyval.sty
Package: keyval 2022/05/29 v1.15 key=value parser (DPC)
\KV@toks@=\toks18
))
\beamer@paperwidth=\skip50
\beamer@paperheight=\skip51

(c:/texlive/2024/texmf-dist/tex/latex/geometry/geometry.sty
Package: geometry 2020/01/02 v5.9 Page Geometry

(c:/texlive/2024/texmf-dist/tex/generic/iftex/ifvtex.sty
Package: ifvtex 2019/10/25 v1.7 ifvtex legacy package. Use iftex instead.
)
\Gm@cnth=\count285
\Gm@cntv=\count286
\c@Gm@tempcnt=\count287
\Gm@bindingoffset=\dimen173
\Gm@wd@mp=\dimen174
\Gm@odd@mp=\dimen175
\Gm@even@mp=\dimen176
\Gm@layoutwidth=\dimen177
\Gm@layoutheight=\dimen178
\Gm@layouthoffset=\dimen179
\Gm@layoutvoffset=\dimen180
\Gm@dimlist=\toks19
)
(c:/texlive/2024/texmf-dist/tex/latex/pgf/math/pgfmath.sty
(c:/texlive/2024/texmf-dist/tex/latex/pgf/utilities/pgfrcs.sty
(c:/texlive/2024/texmf-dist/tex/generic/pgf/utilities/pgfutil-common.tex
\pgfutil@everybye=\toks20
\pgfutil@tempdima=\dimen181
\pgfutil@tempdimb=\dimen182
)
(c:/texlive/2024/texmf-dist/tex/generic/pgf/utilities/pgfutil-latex.def
\pgfutil@abb=\box78
)
(c:/texlive/2024/texmf-dist/tex/generic/pgf/utilities/pgfrcs.code.tex
(c:/texlive/2024/texmf-dist/tex/generic/pgf/pgf.revision.tex)
Package: pgfrcs 2023-01-15 v3.1.10 (3.1.10)
))
(c:/texlive/2024/texmf-dist/tex/latex/pgf/utilities/pgfkeys.sty
(c:/texlive/2024/texmf-dist/tex/generic/pgf/utilities/pgfkeys.code.tex
\pgfkeys@pathtoks=\toks21
\pgfkeys@temptoks=\toks22

(c:/texlive/2024/texmf-dist/tex/generic/pgf/utilities/pgfkeyslibraryfiltered.co
de.tex
\pgfkeys@tmptoks=\toks23
))) (c:/texlive/2024/texmf-dist/tex/generic/pgf/math/pgfmath.code.tex
(c:/texlive/2024/texmf-dist/tex/generic/pgf/math/pgfmathutil.code.tex
\pgf@x=\dimen183
\pgf@xa=\dimen184
\pgf@xb=\dimen185
\pgf@xc=\dimen186
\pgf@y=\dimen187
\pgf@ya=\dimen188
\pgf@yb=\dimen189
\pgf@yc=\dimen190
\c@pgf@counta=\count288
\c@pgf@countb=\count289
\c@pgf@countc=\count290
\c@pgf@countd=\count291
)
(c:/texlive/2024/texmf-dist/tex/generic/pgf/math/pgfmathparser.code.tex
\pgfmath@dimen=\dimen191
\pgfmath@count=\count292
\pgfmath@box=\box79
\pgfmath@toks=\toks24
\pgfmath@stack@operand=\toks25
\pgfmath@stack@operation=\toks26
)
(c:/texlive/2024/texmf-dist/tex/generic/pgf/math/pgfmathfunctions.code.tex)
(c:/texlive/2024/texmf-dist/tex/generic/pgf/math/pgfmathfunctions.basic.code.te
x)
(c:/texlive/2024/texmf-dist/tex/generic/pgf/math/pgfmathfunctions.trigonometric
.code.tex)
(c:/texlive/2024/texmf-dist/tex/generic/pgf/math/pgfmathfunctions.random.code.t
ex)
(c:/texlive/2024/texmf-dist/tex/generic/pgf/math/pgfmathfunctions.comparison.co
de.tex)
(c:/texlive/2024/texmf-dist/tex/generic/pgf/math/pgfmathfunctions.base.code.tex
)
(c:/texlive/2024/texmf-dist/tex/generic/pgf/math/pgfmathfunctions.round.code.te
x)
(c:/texlive/2024/texmf-dist/tex/generic/pgf/math/pgfmathfunctions.misc.code.tex
)
(c:/texlive/2024/texmf-dist/tex/generic/pgf/math/pgfmathfunctions.integerarithm
etics.code.tex)
(c:/texlive/2024/texmf-dist/tex/generic/pgf/math/pgfmathcalc.code.tex)
(c:/texlive/2024/texmf-dist/tex/generic/pgf/math/pgfmathfloat.code.tex
\c@pgfmathroundto@lastzeros=\count293
)))
(c:/texlive/2024/texmf-dist/tex/latex/base/size12.clo
File: size12.clo 2024/02/08 v1.4n Standard LaTeX file (size option)
)
(c:/texlive/2024/texmf-dist/tex/latex/pgf/basiclayer/pgfcore.sty
(c:/texlive/2024/texmf-dist/tex/latex/graphics/graphicx.sty
Package: graphicx 2021/09/16 v1.2d Enhanced LaTeX Graphics (DPC,SPQR)

(c:/texlive/2024/texmf-dist/tex/latex/graphics/graphics.sty
Package: graphics 2024/05/23 v1.4g Standard LaTeX Graphics (DPC,SPQR)

(c:/texlive/2024/texmf-dist/tex/latex/graphics/trig.sty
Package: trig 2023/12/02 v1.11 sin cos tan (DPC)
)
(c:/texlive/2024/texmf-dist/tex/latex/graphics-cfg/graphics.cfg
File: graphics.cfg 2016/06/04 v1.11 sample graphics configuration
)
Package graphics Info: Driver file: dvipdfmx.def on input line 106.

(c:/texlive/2024/texmf-dist/tex/latex/graphics-def/dvipdfmx.def
File: dvipdfmx.def 2022/09/22 v5.0m Graphics/color driver for dvipdfmx
))
\Gin@req@height=\dimen192
\Gin@req@width=\dimen193
)
(c:/texlive/2024/texmf-dist/tex/latex/pgf/systemlayer/pgfsys.sty
(c:/texlive/2024/texmf-dist/tex/generic/pgf/systemlayer/pgfsys.code.tex
Package: pgfsys 2023-01-15 v3.1.10 (3.1.10)
\pgf@x=\dimen194
\pgf@y=\dimen195
\pgf@xa=\dimen196
\pgf@ya=\dimen197
\pgf@xb=\dimen198
\pgf@yb=\dimen199
\pgf@xc=\dimen256
\pgf@yc=\dimen257
\pgf@xd=\dimen258
\pgf@yd=\dimen259
\w@pgf@writea=\write3
\r@pgf@reada=\read2
\c@pgf@counta=\count294
\c@pgf@countb=\count295
\c@pgf@countc=\count296
\c@pgf@countd=\count297
\t@pgf@toka=\toks27
\t@pgf@tokb=\toks28
\t@pgf@tokc=\toks29
\pgf@sys@id@count=\count298

(c:/texlive/2024/texmf-dist/tex/generic/pgf/systemlayer/pgf.cfg
File: pgf.cfg 2023-01-15 v3.1.10 (3.1.10)
)
Driver file for pgf: pgfsys-dvipdfmx.def

(c:/texlive/2024/texmf-dist/tex/generic/pgf/systemlayer/pgfsys-dvipdfmx.def
File: pgfsys-dvipdfmx.def 2023-01-15 v3.1.10 (3.1.10)

(c:/texlive/2024/texmf-dist/tex/generic/pgf/systemlayer/pgfsys-common-pdf.def
File: pgfsys-common-pdf.def 2023-01-15 v3.1.10 (3.1.10)
)
\pgfsys@objnum=\count299
))
(c:/texlive/2024/texmf-dist/tex/generic/pgf/systemlayer/pgfsyssoftpath.code.tex
File: pgfsyssoftpath.code.tex 2023-01-15 v3.1.10 (3.1.10)
\pgfsyssoftpath@smallbuffer@items=\count300
\pgfsyssoftpath@bigbuffer@items=\count301
)
(c:/texlive/2024/texmf-dist/tex/generic/pgf/systemlayer/pgfsysprotocol.code.tex
File: pgfsysprotocol.code.tex 2023-01-15 v3.1.10 (3.1.10)
)) (c:/texlive/texmf-local/tex/platex/js/xcolor.sty
Package: xcolor 2007/01/21 v2.11 LaTeX color extensions (UK)

(c:/texlive/2024/texmf-dist/tex/latex/graphics-cfg/color.cfg
File: color.cfg 2016/01/02 v1.6 sample color configuration
)
Package xcolor Info: Driver file: dvipdfmx.def on input line 225.
Package xcolor Info: Model `cmy' substituted by `cmy0' on input line 1337.
Package xcolor Info: Model `RGB' extended on input line 1353.
Package xcolor Info: Model `HTML' substituted by `rgb' on input line 1355.
Package xcolor Info: Model `Hsb' substituted by `hsb' on input line 1356.
Package xcolor Info: Model `tHsb' substituted by `hsb' on input line 1357.
Package xcolor Info: Model `HSB' substituted by `hsb' on input line 1358.
Package xcolor Info: Model `Gray' substituted by `gray' on input line 1359.
Package xcolor Info: Model `wave' substituted by `hsb' on input line 1360.
)
(c:/texlive/2024/texmf-dist/tex/generic/pgf/basiclayer/pgfcore.code.tex
Package: pgfcore 2023-01-15 v3.1.10 (3.1.10)

(c:/texlive/2024/texmf-dist/tex/generic/pgf/math/pgfint.code.tex)
(c:/texlive/2024/texmf-dist/tex/generic/pgf/basiclayer/pgfcorepoints.code.tex
File: pgfcorepoints.code.tex 2023-01-15 v3.1.10 (3.1.10)
\pgf@picminx=\dimen260
\pgf@picmaxx=\dimen261
\pgf@picminy=\dimen262
\pgf@picmaxy=\dimen263
\pgf@pathminx=\dimen264
\pgf@pathmaxx=\dimen265
\pgf@pathminy=\dimen266
\pgf@pathmaxy=\dimen267
\pgf@xx=\dimen268
\pgf@xy=\dimen269
\pgf@yx=\dimen270
\pgf@yy=\dimen271
\pgf@zx=\dimen272
\pgf@zy=\dimen273
)
(c:/texlive/2024/texmf-dist/tex/generic/pgf/basiclayer/pgfcorepathconstruct.cod
e.tex
File: pgfcorepathconstruct.code.tex 2023-01-15 v3.1.10 (3.1.10)
\pgf@path@lastx=\dimen274
\pgf@path@lasty=\dimen275
)
(c:/texlive/2024/texmf-dist/tex/generic/pgf/basiclayer/pgfcorepathusage.code.te
x
File: pgfcorepathusage.code.tex 2023-01-15 v3.1.10 (3.1.10)
\pgf@shorten@end@additional=\dimen276
\pgf@shorten@start@additional=\dimen277
)
(c:/texlive/2024/texmf-dist/tex/generic/pgf/basiclayer/pgfcorescopes.code.tex
File: pgfcorescopes.code.tex 2023-01-15 v3.1.10 (3.1.10)
\pgfpic=\box80
\pgf@hbox=\box81
\pgf@layerbox@main=\box82
\pgf@picture@serial@count=\count302
)
(c:/texlive/2024/texmf-dist/tex/generic/pgf/basiclayer/pgfcoregraphicstate.code
.tex
File: pgfcoregraphicstate.code.tex 2023-01-15 v3.1.10 (3.1.10)
\pgflinewidth=\dimen278
)
(c:/texlive/2024/texmf-dist/tex/generic/pgf/basiclayer/pgfcoretransformations.c
ode.tex
File: pgfcoretransformations.code.tex 2023-01-15 v3.1.10 (3.1.10)
\pgf@pt@x=\dimen279
\pgf@pt@y=\dimen280
\pgf@pt@temp=\dimen281
)
(c:/texlive/2024/texmf-dist/tex/generic/pgf/basiclayer/pgfcorequick.code.tex
File: pgfcorequick.code.tex 2023-01-15 v3.1.10 (3.1.10)
)
(c:/texlive/2024/texmf-dist/tex/generic/pgf/basiclayer/pgfcoreobjects.code.tex
File: pgfcoreobjects.code.tex 2023-01-15 v3.1.10 (3.1.10)
)
(c:/texlive/2024/texmf-dist/tex/generic/pgf/basiclayer/pgfcorepathprocessing.co
de.tex
File: pgfcorepathprocessing.code.tex 2023-01-15 v3.1.10 (3.1.10)
)
(c:/texlive/2024/texmf-dist/tex/generic/pgf/basiclayer/pgfcorearrows.code.tex
File: pgfcorearrows.code.tex 2023-01-15 v3.1.10 (3.1.10)
\pgfarrowsep=\dimen282
)
(c:/texlive/2024/texmf-dist/tex/generic/pgf/basiclayer/pgfcoreshade.code.tex
File: pgfcoreshade.code.tex 2023-01-15 v3.1.10 (3.1.10)
\pgf@max=\dimen283
\pgf@sys@shading@range@num=\count303
\pgf@shadingcount=\count304
)
(c:/texlive/2024/texmf-dist/tex/generic/pgf/basiclayer/pgfcoreimage.code.tex
File: pgfcoreimage.code.tex 2023-01-15 v3.1.10 (3.1.10)
)
(c:/texlive/2024/texmf-dist/tex/generic/pgf/basiclayer/pgfcoreexternal.code.tex
File: pgfcoreexternal.code.tex 2023-01-15 v3.1.10 (3.1.10)
\pgfexternal@startupbox=\box83
) (c:/texlive/2024/texmf-dist/tex/generic/pgf/basiclayer/pgfcorelayers.code.tex
File: pgfcorelayers.code.tex 2023-01-15 v3.1.10 (3.1.10)
)
(c:/texlive/2024/texmf-dist/tex/generic/pgf/basiclayer/pgfcoretransparency.code
.tex
File: pgfcoretransparency.code.tex 2023-01-15 v3.1.10 (3.1.10)
)
(c:/texlive/2024/texmf-dist/tex/generic/pgf/basiclayer/pgfcorepatterns.code.tex
File: pgfcorepatterns.code.tex 2023-01-15 v3.1.10 (3.1.10)
) (c:/texlive/2024/texmf-dist/tex/generic/pgf/basiclayer/pgfcorerdf.code.tex
File: pgfcorerdf.code.tex 2023-01-15 v3.1.10 (3.1.10)
))) (c:/texlive/2024/texmf-dist/tex/latex/pgf/utilities/xxcolor.sty
Package: xxcolor 2003/10/24 ver 0.1
\XC@nummixins=\count305
\XC@countmixins=\count306
)
(c:/texlive/2024/texmf-dist/tex/latex/base/atbegshi-ltx.sty
Package: atbegshi-ltx 2021/01/10 v1.0c Emulation of the original atbegshi
package with kernel methods
)
(c:/texlive/2024/texmf-dist/tex/latex/hyperref/hyperref.sty
Package: hyperref 2024-05-23 v7.01i Hypertext links for LaTeX

(c:/texlive/2024/texmf-dist/tex/latex/kvsetkeys/kvsetkeys.sty
Package: kvsetkeys 2022-10-05 v1.19 Key value parser (HO)
)
(c:/texlive/2024/texmf-dist/tex/generic/kvdefinekeys/kvdefinekeys.sty
Package: kvdefinekeys 2019-12-19 v1.6 Define keys (HO)
)
(c:/texlive/2024/texmf-dist/tex/generic/pdfescape/pdfescape.sty
Package: pdfescape 2019/12/09 v1.15 Implements pdfTeX's escape features (HO)

(c:/texlive/2024/texmf-dist/tex/generic/ltxcmds/ltxcmds.sty
Package: ltxcmds 2023-12-04 v1.26 LaTeX kernel commands for general use (HO)
)
(c:/texlive/2024/texmf-dist/tex/generic/pdftexcmds/pdftexcmds.sty
Package: pdftexcmds 2020-06-27 v0.33 Utility functions of pdfTeX for LuaTeX (HO
)

(c:/texlive/2024/texmf-dist/tex/generic/infwarerr/infwarerr.sty
Package: infwarerr 2019/12/03 v1.5 Providing info/warning/error messages (HO)
)
Package pdftexcmds Info: \pdf@primitive is available.
Package pdftexcmds Info: \pdf@ifprimitive is available.
Package pdftexcmds Info: \pdfdraftmode not found.
))
(c:/texlive/2024/texmf-dist/tex/latex/hycolor/hycolor.sty
Package: hycolor 2020-01-27 v1.10 Color options for hyperref/bookmark (HO)
)
(c:/texlive/2024/texmf-dist/tex/latex/hyperref/nameref.sty
Package: nameref 2023-11-26 v2.56 Cross-referencing by name of section

(c:/texlive/2024/texmf-dist/tex/latex/refcount/refcount.sty
Package: refcount 2019/12/15 v3.6 Data extraction from label references (HO)
)
(c:/texlive/2024/texmf-dist/tex/generic/gettitlestring/gettitlestring.sty
Package: gettitlestring 2019/12/15 v1.6 Cleanup title references (HO)

(c:/texlive/2024/texmf-dist/tex/latex/kvoptions/kvoptions.sty
Package: kvoptions 2022-06-15 v3.15 Key value format for package options (HO)
))
\c@section@level=\count307
)
(c:/texlive/2024/texmf-dist/tex/generic/stringenc/stringenc.sty
Package: stringenc 2019/11/29 v1.12 Convert strings between diff. encodings (HO
)
)
\@linkdim=\dimen284
\Hy@linkcounter=\count308
\Hy@pagecounter=\count309

(c:/texlive/2024/texmf-dist/tex/latex/hyperref/pd1enc.def
File: pd1enc.def 2024-05-23 v7.01i Hyperref: PDFDocEncoding definition (HO)
Now handling font encoding PD1 ...
... no UTF-8 mapping file for font encoding PD1
)
(c:/texlive/2024/texmf-dist/tex/generic/intcalc/intcalc.sty
Package: intcalc 2019/12/15 v1.3 Expandable calculations with integers (HO)
)
\Hy@SavedSpaceFactor=\count310

(c:/texlive/2024/texmf-dist/tex/latex/hyperref/puenc.def
File: puenc.def 2024-05-23 v7.01i Hyperref: PDF Unicode definition (HO)
Now handling font encoding PU ...
... no UTF-8 mapping file for font encoding PU
)
Package hyperref Info: Option `bookmarks' set `true' on input line 4040.
Package hyperref Info: Option `bookmarksopen' set `true' on input line 4040.
Package hyperref Info: Option `implicit' set `false' on input line 4040.
Package hyperref Info: Hyper figures OFF on input line 4157.
Package hyperref Info: Link nesting OFF on input line 4162.
Package hyperref Info: Hyper index ON on input line 4165.
Package hyperref Info: Plain pages OFF on input line 4172.
Package hyperref Info: Backreferencing OFF on input line 4177.
Package hyperref Info: Implicit mode OFF; no redefinition of LaTeX internals.
Package hyperref Info: Bookmarks ON on input line 4424.
\c@Hy@tempcnt=\count311

(c:/texlive/2024/texmf-dist/tex/latex/url/url.sty
\Urlmuskip=\muskip17
Package: url 2013/09/16  ver 3.4  Verb mode for urls, etc.
)
LaTeX Info: Redefining \url on input line 4763.
\XeTeXLinkMargin=\dimen285

(c:/texlive/2024/texmf-dist/tex/generic/bitset/bitset.sty
Package: bitset 2019/12/09 v1.3 Handle bit-vector datatype (HO)

(c:/texlive/2024/texmf-dist/tex/generic/bigintcalc/bigintcalc.sty
Package: bigintcalc 2019/12/15 v1.5 Expandable calculations on big integers (HO
)
))
\Fld@menulength=\count312
\Field@Width=\dimen286
\Fld@charsize=\dimen287
Package hyperref Info: Hyper figures OFF on input line 6042.
Package hyperref Info: Link nesting OFF on input line 6047.
Package hyperref Info: Hyper index ON on input line 6050.
Package hyperref Info: backreferencing OFF on input line 6057.
Package hyperref Info: Link coloring OFF on input line 6062.
Package hyperref Info: Link coloring with OCG OFF on input line 6067.
Package hyperref Info: PDF/A mode OFF on input line 6072.
\Hy@abspage=\count313


Package hyperref Message: Stopped early.

)
Package hyperref Info: Driver: hdvipdfm.
 (c:/texlive/2024/texmf-dist/tex/latex/hyperref/hdvipdfm.def
File: hdvipdfm.def 2024-05-23 v7.01i Hyperref driver for dvipdfm
\pdfm@box=\box84
\c@Hy@AnnotLevel=\count314
\HyField@AnnotCount=\count315
\Fld@listcount=\count316
\c@bookmark@seq@number=\count317

(c:/texlive/2024/texmf-dist/tex/latex/rerunfilecheck/rerunfilecheck.sty
Package: rerunfilecheck 2022-07-10 v1.10 Rerun checks for auxiliary files (HO)

(c:/texlive/2024/texmf-dist/tex/latex/base/atveryend-ltx.sty
Package: atveryend-ltx 2020/08/19 v1.0a Emulation of the original atveryend pac
kage
with kernel methods
)
(c:/texlive/2024/texmf-dist/tex/generic/uniquecounter/uniquecounter.sty
Package: uniquecounter 2019/12/15 v1.4 Provide unlimited unique counter (HO)
)
Package uniquecounter Info: New unique counter `rerunfilecheck' on input line 2
85.
))
(c:/texlive/2024/texmf-dist/tex/latex/beamer/beamerbaserequires.sty
(c:/texlive/2024/texmf-dist/tex/latex/beamer/beamerbasecompatibility.sty)
(c:/texlive/2024/texmf-dist/tex/latex/beamer/beamerbasefont.sty
(c:/texlive/2024/texmf-dist/tex/latex/amsfonts/amssymb.sty
Package: amssymb 2013/01/14 v3.01 AMS font symbols

(c:/texlive/2024/texmf-dist/tex/latex/amsfonts/amsfonts.sty
Package: amsfonts 2013/01/14 v3.01 Basic AMSFonts support
\@emptytoks=\toks30
\symAMSa=\mathgroup4
\symAMSb=\mathgroup5
LaTeX Font Info:    Redeclaring math symbol \hbar on input line 98.
LaTeX Font Info:    Overwriting math alphabet `\mathfrak' in version `bold'
(Font)                  U/euf/m/n --> U/euf/b/n on input line 106.
))
(c:/texlive/2024/texmf-dist/tex/latex/sansmathaccent/sansmathaccent.sty
Package: sansmathaccent 2020/01/31

(c:/texlive/2024/texmf-dist/tex/latex/koma-script/scrlfile.sty
Package: scrlfile 2023/07/07 v3.41 KOMA-Script package (file load hooks)

(c:/texlive/2024/texmf-dist/tex/latex/koma-script/scrlfile-hook.sty
Package: scrlfile-hook 2023/07/07 v3.41 KOMA-Script package (using LaTeX hooks)


(c:/texlive/2024/texmf-dist/tex/latex/koma-script/scrlogo.sty
Package: scrlogo 2023/07/07 v3.41 KOMA-Script package (logo)
)))))
(c:/texlive/2024/texmf-dist/tex/latex/beamer/beamerbasetranslator.sty
(c:/texlive/2024/texmf-dist/tex/latex/translator/translator.sty
Package: translator 2021-05-31 v1.12d Easy translation of strings in LaTeX
))
(c:/texlive/2024/texmf-dist/tex/latex/beamer/beamerbasemisc.sty)
(c:/texlive/2024/texmf-dist/tex/latex/beamer/beamerbasetwoscreens.sty)
(c:/texlive/2024/texmf-dist/tex/latex/beamer/beamerbaseoverlay.sty
\beamer@argscount=\count318
\beamer@lastskipcover=\skip52
\beamer@trivlistdepth=\count319
)
(c:/texlive/2024/texmf-dist/tex/latex/beamer/beamerbasetitle.sty)
(c:/texlive/2024/texmf-dist/tex/latex/beamer/beamerbasesection.sty
\c@lecture=\count320
\c@part=\count321
\c@section=\count322
\c@subsection=\count323
\c@subsubsection=\count324
)
(c:/texlive/2024/texmf-dist/tex/latex/beamer/beamerbaseframe.sty
\beamer@framebox=\box85
\beamer@frametitlebox=\box86
\beamer@zoombox=\box87
\beamer@zoomcount=\count325
\beamer@zoomframecount=\count326
\beamer@frametextheight=\dimen288
\c@subsectionslide=\count327
\beamer@frametopskip=\skip53
\beamer@framebottomskip=\skip54
\beamer@frametopskipautobreak=\skip55
\beamer@framebottomskipautobreak=\skip56
\beamer@envbody=\toks31
\framewidth=\dimen289
\c@framenumber=\count328
)
(c:/texlive/2024/texmf-dist/tex/latex/beamer/beamerbaseverbatim.sty
\beamer@verbatimfileout=\write4
)
(c:/texlive/2024/texmf-dist/tex/latex/beamer/beamerbaseframesize.sty
\beamer@splitbox=\box88
\beamer@autobreakcount=\count329
\beamer@autobreaklastheight=\dimen290
\beamer@frametitletoks=\toks32
\beamer@framesubtitletoks=\toks33
)
(c:/texlive/2024/texmf-dist/tex/latex/beamer/beamerbaseframecomponents.sty
\beamer@footins=\box89
)
(c:/texlive/2024/texmf-dist/tex/latex/beamer/beamerbasecolor.sty)
(c:/texlive/2024/texmf-dist/tex/latex/beamer/beamerbasenotes.sty
\beamer@frameboxcopy=\box90
)
(c:/texlive/2024/texmf-dist/tex/latex/beamer/beamerbasetoc.sty)
(c:/texlive/2024/texmf-dist/tex/latex/beamer/beamerbasetemplates.sty
\beamer@sbttoks=\toks34

(c:/texlive/2024/texmf-dist/tex/latex/beamer/beamerbaseauxtemplates.sty
(c:/texlive/2024/texmf-dist/tex/latex/beamer/beamerbaseboxes.sty
\bmb@box=\box91
\bmb@colorbox=\box92
\bmb@boxwidth=\dimen291
\bmb@boxheight=\dimen292
\bmb@prevheight=\dimen293
\bmb@temp=\dimen294
\bmb@dima=\dimen295
\bmb@dimb=\dimen296
\bmb@prevheight=\dimen297
)
\beamer@blockheadheight=\dimen298
))
(c:/texlive/2024/texmf-dist/tex/latex/beamer/beamerbaselocalstructure.sty
(c:/texlive/2024/texmf-dist/tex/latex/tools/enumerate.sty
Package: enumerate 2023/07/04 v3.00 enumerate extensions (DPC)
\@enLab=\toks35
)
\beamer@bibiconwidth=\skip57
\c@figure=\count330
\c@table=\count331
\abovecaptionskip=\skip58
\belowcaptionskip=\skip59
)
(c:/texlive/2024/texmf-dist/tex/latex/beamer/beamerbasenavigation.sty
(c:/texlive/2024/texmf-dist/tex/latex/beamer/beamerbasenavigationsymbols.tex)
\beamer@section@min@dim=\dimen299
)
(c:/texlive/2024/texmf-dist/tex/latex/beamer/beamerbasetheorems.sty
(c:/texlive/2024/texmf-dist/tex/latex/amsmath/amsmath.sty
Package: amsmath 2024/05/23 v2.17q AMS math features
\@mathmargin=\skip60

For additional information on amsmath, use the `?' option.
(c:/texlive/2024/texmf-dist/tex/latex/amsmath/amstext.sty
Package: amstext 2021/08/26 v2.01 AMS text

(c:/texlive/2024/texmf-dist/tex/latex/amsmath/amsgen.sty
File: amsgen.sty 1999/11/30 v2.0 generic functions
\@emptytoks=\toks36
\ex@=\dimen300
))
(c:/texlive/2024/texmf-dist/tex/latex/amsmath/amsbsy.sty
Package: amsbsy 1999/11/29 v1.2d Bold Symbols
\pmbraise@=\dimen301
)
(c:/texlive/2024/texmf-dist/tex/latex/amsmath/amsopn.sty
Package: amsopn 2022/04/08 v2.04 operator names
)
\inf@bad=\count332
LaTeX Info: Redefining \frac on input line 233.
\uproot@=\count333
\leftroot@=\count334
LaTeX Info: Redefining \overline on input line 398.
LaTeX Info: Redefining \colon on input line 409.
\classnum@=\count335
\DOTSCASE@=\count336
LaTeX Info: Redefining \ldots on input line 495.
LaTeX Info: Redefining \dots on input line 498.
LaTeX Info: Redefining \cdots on input line 619.
\Mathstrutbox@=\box93
\strutbox@=\box94
LaTeX Info: Redefining \big on input line 721.
LaTeX Info: Redefining \Big on input line 722.
LaTeX Info: Redefining \bigg on input line 723.
LaTeX Info: Redefining \Bigg on input line 724.
\big@size=\dimen302
LaTeX Font Info:    Redeclaring font encoding OML on input line 742.
LaTeX Font Info:    Redeclaring font encoding OMS on input line 743.
\macc@depth=\count337
LaTeX Info: Redefining \bmod on input line 904.
LaTeX Info: Redefining \pmod on input line 909.
LaTeX Info: Redefining \smash on input line 939.
LaTeX Info: Redefining \relbar on input line 969.
LaTeX Info: Redefining \Relbar on input line 970.
\c@MaxMatrixCols=\count338
\dotsspace@=\muskip18
\c@parentequation=\count339
\dspbrk@lvl=\count340
\tag@help=\toks37
\row@=\count341
\column@=\count342
\maxfields@=\count343
\andhelp@=\toks38
\eqnshift@=\dimen303
\alignsep@=\dimen304
\tagshift@=\dimen305
\tagwidth@=\dimen306
\totwidth@=\dimen307
\lineht@=\dimen308
\@envbody=\toks39
\multlinegap=\skip61
\multlinetaggap=\skip62
\mathdisplay@stack=\toks40
LaTeX Info: Redefining \[ on input line 2953.
LaTeX Info: Redefining \] on input line 2954.
)
(c:/texlive/2024/texmf-dist/tex/latex/amscls/amsthm.sty
Package: amsthm 2020/05/29 v2.20.6
\thm@style=\toks41
\thm@bodyfont=\toks42
\thm@headfont=\toks43
\thm@notefont=\toks44
\thm@headpunct=\toks45
\thm@preskip=\skip63
\thm@postskip=\skip64
\thm@headsep=\skip65
\dth@everypar=\toks46
)
\c@theorem=\count344
)
(c:/texlive/2024/texmf-dist/tex/latex/beamer/beamerbasethemes.sty))
(c:/texlive/2024/texmf-dist/tex/latex/beamer/beamerthemedefault.sty
(c:/texlive/2024/texmf-dist/tex/latex/beamer/beamerfontthemedefault.sty)
(c:/texlive/2024/texmf-dist/tex/latex/beamer/beamercolorthemedefault.sty)
(c:/texlive/2024/texmf-dist/tex/latex/beamer/beamerinnerthemedefault.sty
\beamer@dima=\dimen309
\beamer@dimb=\dimen310
)
(c:/texlive/2024/texmf-dist/tex/latex/beamer/beamerouterthemedefault.sty)))
(c:/texlive/texmf-local/tex/platex/sweavel.sty
Package: Sweavel 

(c:/texlive/texmf-local/tex/platex/js/listings.sty
\lst@mode=\count345
\lst@gtempboxa=\box95
\lst@token=\toks47
\lst@length=\count346
\lst@currlwidth=\dimen311
\lst@column=\count347
\lst@pos=\count348
\lst@lostspace=\dimen312
\lst@width=\dimen313
\lst@newlines=\count349
\lst@lineno=\count350
\lst@maxwidth=\dimen314

(c:/texlive/2024/texmf-dist/tex/latex/listings/lstpatch.sty
File: lstpatch.sty 2007/02/22 1.4 (Carsten Heinz)
)
(c:/texlive/texmf-local/tex/platex/js/lstmisc.sty
File: lstmisc.sty 2007/02/22 1.4 (Carsten Heinz)
\c@lstnumber=\count351
\lst@skipnumbers=\count352
\lst@framebox=\box96
)
(c:/texlive/texmf-local/tex/platex/js/listings.cfg
File: listings.cfg 2007/02/22 1.4 listings configuration
))
Package: listings 2007/02/22 1.4 (Carsten Heinz)

(c:/texlive/2024/texmf-dist/tex/latex/fancyvrb/fancyvrb.sty
Package: fancyvrb 2024/01/20 4.5c verbatim text (tvz,hv)
\FV@CodeLineNo=\count353
\FV@InFile=\read3
\FV@TabBox=\box97
\c@FancyVerbLine=\count354
\FV@StepNumber=\count355
\FV@OutFile=\write5
)
(c:/texlive/2024/texmf-dist/tex/latex/relsize/relsize.sty
Package: relsize 2013/03/29 ver 4.1
))
(c:/texlive/2024/texmf-dist/tex/latex/tools/verbatim.sty
Package: verbatim 2024-01-22 v1.5x LaTeX2e package for verbatim enhancements
\every@verbatim=\toks48
\verbatim@line=\toks49
\verbatim@in@stream=\read4
)
(c:/texlive/2024/texmf-dist/tex/latex/natbib/natbib.sty
Package: natbib 2010/09/13 8.31b (PWD, AO)
\bibhang=\skip66
\bibsep=\skip67
LaTeX Info: Redefining \cite on input line 694.
\c@NAT@ctr=\count356
)
(c:/texlive/2024/texmf-dist/tex/latex/tools/array.sty
Package: array 2024/05/23 v2.6c Tabular extension package (FMi)
\col@sep=\dimen315
\ar@mcellbox=\box98
\extrarowheight=\dimen316
\NC@list=\toks50
\extratabsurround=\skip68
\backup@length=\skip69
\ar@cellbox=\box99
)
(c:/texlive/2024/texmf-dist/tex/latex/tools/tabularx.sty
Package: tabularx 2023/12/11 v2.12a `tabularx' package (DPC)
\TX@col@width=\dimen317
\TX@old@table=\dimen318
\TX@old@col=\dimen319
\TX@target=\dimen320
\TX@delta=\dimen321
\TX@cols=\count357
\TX@ftn=\toks51
)
(c:/texlive/texmf-local/tex/platex/js/booktabs.sty
Package: booktabs 2020/01/12 v1.61803398 Publication quality tables
\heavyrulewidth=\dimen322
\lightrulewidth=\dimen323
\cmidrulewidth=\dimen324
\belowrulesep=\dimen325
\belowbottomsep=\dimen326
\aboverulesep=\dimen327
\abovetopsep=\dimen328
\cmidrulesep=\dimen329
\cmidrulekern=\dimen330
\defaultaddspace=\dimen331
\@cmidla=\count358
\@cmidlb=\count359
\@aboverulesep=\dimen332
\@belowrulesep=\dimen333
\@thisruleclass=\count360
\@lastruleclass=\count361
\@thisrulewidth=\dimen334
)
(c:/texlive/2024/texmf-dist/tex/latex/tools/longtable.sty
Package: longtable 2024-04-26 v4.20 Multi-page Table package (DPC)
\LTleft=\skip70
\LTright=\skip71
\LTpre=\skip72
\LTpost=\skip73
\LTchunksize=\count362
\LTcapwidth=\dimen335
\LT@head=\box100
\LT@firsthead=\box101
\LT@foot=\box102
\LT@lastfoot=\box103
\LT@gbox=\box104
\LT@cols=\count363
\LT@rows=\count364
\c@LT@tables=\count365
\c@LT@chunks=\count366
\LT@p@ftn=\toks52
)
(c:/texlive/2024/texmf-dist/tex/latex/multirow/multirow.sty
Package: multirow 2021/03/15 v2.8 Span multiple rows of a table
\multirow@colwidth=\skip74
\multirow@cntb=\count367
\multirow@dima=\skip75
\bigstrutjot=\dimen336
)
(c:/texlive/2024/texmf-dist/tex/latex/colortbl/colortbl.sty
Package: colortbl 2024/05/26 v1.0h Color table columns (DPC)
\everycr=\toks53
\minrowclearance=\skip76
\rownum=\count368
)
(c:/texlive/2024/texmf-dist/tex/generic/soul/soul.sty
Package: soul 2023-06-14 v3.1 Permit use of UTF-8 characters in soul (HO)

(c:/texlive/2024/texmf-dist/tex/generic/soul/soul-ori.sty
Package: soul-ori 2023-06-14 v3.1 letterspacing/underlining (mf)
\SOUL@word=\toks54
\SOUL@lasttoken=\toks55
\SOUL@syllable=\toks56
\SOUL@cmds=\toks57
\SOUL@buffer=\toks58
\SOUL@token=\toks59
\SOUL@syllgoal=\dimen337
\SOUL@syllwidth=\dimen338
\SOUL@charkern=\dimen339
\SOUL@hyphkern=\dimen340
\SOUL@dimen=\dimen341
\SOUL@dimeni=\dimen342
\SOUL@minus=\count369
\SOUL@comma=\count370
\SOUL@apo=\count371
\SOUL@grave=\count372
\SOUL@spaceskip=\skip77
\SOUL@ttwidth=\dimen343
\SOUL@uldp=\dimen344
\SOUL@ulht=\dimen345
)
(c:/texlive/2024/texmf-dist/tex/generic/etexcmds/etexcmds.sty
Package: etexcmds 2019/12/15 v1.7 Avoid name clashes with e-TeX commands (HO)
))
(c:/texlive/2024/texmf-dist/tex/generic/ulem/ulem.sty
\UL@box=\box105
\UL@hyphenbox=\box106
\UL@skip=\skip78
\UL@hook=\toks60
\UL@height=\dimen346
\UL@pe=\count373
\UL@pixel=\dimen347
\ULC@box=\box107
Package: ulem 2019/11/18
\ULdepth=\dimen348
)
(c:/texlive/2024/texmf-dist/tex/latex/upquote/upquote.sty
Package: upquote 2012/04/19 v1.3 upright-quote and grave-accent glyphs in verba
tim
)
(c:/texlive/2024/texmf-dist/tex/latex/inconsolata/zi4.sty
Package: zi4 2019/05/17 v1.12

`inconsolata-zi4' v1.12, 2019/05/17 Text macros for Inconsolata (msharpe)
(c:/texlive/2024/texmf-dist/tex/latex/base/textcomp.sty
Package: textcomp 2024/04/24 v2.1b Standard LaTeX package
)
(c:/texlive/texmf-local/tex/platex/js/xkeyval/run/xkeyval.sty
Package: xkeyval 2012/10/14 v2.6b package option processing (HA)

(c:/texlive/texmf-local/tex/platex/js/xkeyval/run/xkeyval.tex
\XKV@toks=\toks61
\XKV@tempa@toks=\toks62
\XKV@depth=\count374
File: xkeyval.tex 2012/10/14 v2.6b key=value parser (HA)
))
\zifour@ocount=\count375
)
(c:/texlive/2024/texmf-dist/tex/latex/datetime/datetime.sty
Package: datetime 2015/03/20 v2.60 Date Time Package

(c:/texlive/2024/texmf-dist/tex/latex/fmtcount/fmtcount.sty
Package: fmtcount 2020/01/30 v3.07

(c:/texlive/texmf-local/tex/platex/js/base/ifthen.sty
Package: ifthen 2001/05/26 v1.1c Standard LaTeX ifthen package (DPC)
)
(c:/texlive/2024/texmf-dist/tex/latex/fmtcount/fcprefix.sty
Package: fcprefix 2012/09/28

(c:/texlive/2024/texmf-dist/tex/latex/fmtcount/fcnumparser.sty
Package: fcnumparser 2017/06/15
\fc@digit@counter=\count376
))
\c@padzeroesN=\count377
\fc@tmpcatcode=\count378
\@DT@modctr=\count379
\@ordinalctr=\count380
\@orgargctr=\count381
\@strctr=\count382
\@tmpstrctr=\count383
\@DT@loopN=\count384
\@DT@X=\count385
)
(c:/texlive/2024/texmf-dist/tex/latex/datetime/datetime-defaults.sty
Package: datetime-defaults 2013/09/10
)
\@day=\count386
\@month=\count387
\@year=\count388
\c@HOUR=\count389
\c@HOURXII=\count390
\c@MINUTE=\count391
\c@TOHOUR=\count392
\c@TOMINUTE=\count393
\c@SECOND=\count394
\currenthour=\count395
\currentminute=\count396
\currentsecond=\count397
Package datetime Info: No datetime.cfg file found, using default settings on in
put line 308.
\@dtctr=\count398
\dayofyear=\count399
\dayofweek=\count400
LaTeX Info: Redefining \today on input line 736.
\dt@a=\toks63
\dt@b=\toks64
)
(c:/texlive/2024/texmf-dist/tex/latex/pgf/frontendlayer/tikz.sty
(c:/texlive/2024/texmf-dist/tex/latex/pgf/basiclayer/pgf.sty
Package: pgf 2023-01-15 v3.1.10 (3.1.10)

(c:/texlive/2024/texmf-dist/tex/generic/pgf/modules/pgfmoduleshapes.code.tex
File: pgfmoduleshapes.code.tex 2023-01-15 v3.1.10 (3.1.10)
\pgfnodeparttextbox=\box108
)
(c:/texlive/2024/texmf-dist/tex/generic/pgf/modules/pgfmoduleplot.code.tex
File: pgfmoduleplot.code.tex 2023-01-15 v3.1.10 (3.1.10)
)
(c:/texlive/2024/texmf-dist/tex/latex/pgf/compatibility/pgfcomp-version-0-65.st
y
Package: pgfcomp-version-0-65 2023-01-15 v3.1.10 (3.1.10)
\pgf@nodesepstart=\dimen349
\pgf@nodesepend=\dimen350
)
(c:/texlive/2024/texmf-dist/tex/latex/pgf/compatibility/pgfcomp-version-1-18.st
y
Package: pgfcomp-version-1-18 2023-01-15 v3.1.10 (3.1.10)
)) (c:/texlive/2024/texmf-dist/tex/latex/pgf/utilities/pgffor.sty
(c:/texlive/2024/texmf-dist/tex/generic/pgf/utilities/pgffor.code.tex
Package: pgffor 2023-01-15 v3.1.10 (3.1.10)
\pgffor@iter=\dimen351
\pgffor@skip=\dimen352
\pgffor@stack=\toks65
\pgffor@toks=\toks66
))
(c:/texlive/2024/texmf-dist/tex/generic/pgf/frontendlayer/tikz/tikz.code.tex
Package: tikz 2023-01-15 v3.1.10 (3.1.10)

(c:/texlive/2024/texmf-dist/tex/generic/pgf/libraries/pgflibraryplothandlers.co
de.tex
File: pgflibraryplothandlers.code.tex 2023-01-15 v3.1.10 (3.1.10)
\pgf@plot@mark@count=\count401
\pgfplotmarksize=\dimen353
)
\tikz@lastx=\dimen354
\tikz@lasty=\dimen355
\tikz@lastxsaved=\dimen356
\tikz@lastysaved=\dimen357
\tikz@lastmovetox=\dimen358
\tikz@lastmovetoy=\dimen359
\tikzleveldistance=\dimen360
\tikzsiblingdistance=\dimen361
\tikz@figbox=\box109
\tikz@figbox@bg=\box110
\tikz@tempbox=\box111
\tikz@tempbox@bg=\box112
\tikztreelevel=\count402
\tikznumberofchildren=\count403
\tikznumberofcurrentchild=\count404
\tikz@fig@count=\count405

(c:/texlive/2024/texmf-dist/tex/generic/pgf/modules/pgfmodulematrix.code.tex
File: pgfmodulematrix.code.tex 2023-01-15 v3.1.10 (3.1.10)
\pgfmatrixcurrentrow=\count406
\pgfmatrixcurrentcolumn=\count407
\pgf@matrix@numberofcolumns=\count408
)
\tikz@expandcount=\count409

(c:/texlive/2024/texmf-dist/tex/generic/pgf/frontendlayer/tikz/libraries/tikzli
brarytopaths.code.tex
File: tikzlibrarytopaths.code.tex 2023-01-15 v3.1.10 (3.1.10)
)))
(c:/texlive/texmf-local/tex/latex/pgfplots/pgfplots.sty
(c:/texlive/2024/texmf-dist/tex/generic/pgfplots/pgfplots.revision.tex)
Package: pgfplots 2011/07/29 v1.18.1 (git show 1.18.1)

(c:/texlive/2024/texmf-dist/tex/generic/pgfplots/pgfplots.code.tex
(c:/texlive/2024/texmf-dist/tex/generic/pgfplots/pgfplotscore.code.tex
\t@pgfplots@toka=\toks67
\t@pgfplots@tokb=\toks68
\t@pgfplots@tokc=\toks69
\pgfplots@tmpa=\dimen362
\c@pgfplots@coordindex=\count410
\c@pgfplots@scanlineindex=\count411

(c:/texlive/2024/texmf-dist/tex/generic/pgfplots/sys/pgfplotssysgeneric.code.te
x))
(c:/texlive/2024/texmf-dist/tex/generic/pgfplots/libs/pgfplotslibrary.code.tex)

(c:/texlive/2024/texmf-dist/tex/generic/pgfplots/oldpgfcompatib/pgfplotsoldpgfs
upp_loader.code.tex
(c:/texlive/2024/texmf-dist/tex/generic/pgf/libraries/pgflibraryfpu.code.tex)
Package pgfplots: loading complementary utilities for your pgf version...
\t@pgf@toka=\toks70
\t@pgf@tokb=\toks71
\t@pgf@tokc=\toks72

(c:/texlive/2024/texmf-dist/tex/generic/pgfplots/oldpgfcompatib/pgfplotsoldpgfs
upp_pgfutil-common-lists.tex))
(c:/texlive/2024/texmf-dist/tex/generic/pgfplots/util/pgfplotsutil.code.tex
(c:/texlive/2024/texmf-dist/tex/generic/pgfplots/liststructure/pgfplotsliststru
cture.code.tex)
(c:/texlive/2024/texmf-dist/tex/generic/pgfplots/liststructure/pgfplotsliststru
ctureext.code.tex)
(c:/texlive/2024/texmf-dist/tex/generic/pgfplots/liststructure/pgfplotsarray.co
de.tex
\c@pgfplotsarray@tmp=\count412
)
(c:/texlive/2024/texmf-dist/tex/generic/pgfplots/liststructure/pgfplotsmatrix.c
ode.tex)
(c:/texlive/2024/texmf-dist/tex/generic/pgfplots/numtable/pgfplotstableshared.c
ode.tex
\c@pgfplotstable@counta=\count413
\t@pgfplotstable@a=\toks73
)
(c:/texlive/2024/texmf-dist/tex/generic/pgfplots/liststructure/pgfplotsdeque.co
de.tex)
(c:/texlive/2024/texmf-dist/tex/generic/pgfplots/util/pgfplotsbinary.code.tex
(c:/texlive/2024/texmf-dist/tex/generic/pgfplots/util/pgfplotsbinary.data.code.
tex))
(c:/texlive/2024/texmf-dist/tex/generic/pgfplots/util/pgfplotsutil.verb.code.te
x)
(c:/texlive/2024/texmf-dist/tex/generic/pgfplots/libs/pgflibrarypgfplots.surfsh
ading.code.tex
\c@pgfplotslibrarysurf@no=\count414

(c:/texlive/2024/texmf-dist/tex/generic/pgfplots/sys/pgflibrarypgfplots.surfsha
ding.pgfsys-dvipdfmx.def
\c@pgfplotslibrarysurf@streamlen=\count415
)))
(c:/texlive/2024/texmf-dist/tex/generic/pgfplots/util/pgfplotscolormap.code.tex
(c:/texlive/2024/texmf-dist/tex/generic/pgfplots/util/pgfplotscolor.code.tex))
(c:/texlive/2024/texmf-dist/tex/generic/pgfplots/pgfplotsstackedplots.code.tex)
(c:/texlive/2024/texmf-dist/tex/generic/pgfplots/pgfplotsplothandlers.code.tex
(c:/texlive/2024/texmf-dist/tex/generic/pgfplots/pgfplotsmeshplothandler.code.t
ex
(c:/texlive/2024/texmf-dist/tex/generic/pgfplots/pgfplotsmeshplotimage.code.tex
))) (c:/texlive/2024/texmf-dist/tex/generic/pgfplots/pgfplots.scaling.code.tex)

(c:/texlive/2024/texmf-dist/tex/generic/pgfplots/pgfplotscoordprocessing.code.t
ex)
(c:/texlive/2024/texmf-dist/tex/generic/pgfplots/pgfplots.errorbars.code.tex)
(c:/texlive/2024/texmf-dist/tex/generic/pgfplots/pgfplots.markers.code.tex)
(c:/texlive/2024/texmf-dist/tex/generic/pgfplots/pgfplotsticks.code.tex)
(c:/texlive/2024/texmf-dist/tex/generic/pgfplots/pgfplots.paths.code.tex)
(c:/texlive/2024/texmf-dist/tex/generic/pgf/frontendlayer/tikz/libraries/tikzli
brarydecorations.code.tex
(c:/texlive/2024/texmf-dist/tex/generic/pgf/modules/pgfmoduledecorations.code.t
ex
\pgfdecoratedcompleteddistance=\dimen363
\pgfdecoratedremainingdistance=\dimen364
\pgfdecoratedinputsegmentcompleteddistance=\dimen365
\pgfdecoratedinputsegmentremainingdistance=\dimen366
\pgf@decorate@distancetomove=\dimen367
\pgf@decorate@repeatstate=\count416
\pgfdecorationsegmentamplitude=\dimen368
\pgfdecorationsegmentlength=\dimen369
)
\tikz@lib@dec@box=\box113
)
(c:/texlive/2024/texmf-dist/tex/generic/pgf/frontendlayer/tikz/libraries/tikzli
brarydecorations.pathmorphing.code.tex
(c:/texlive/2024/texmf-dist/tex/generic/pgf/libraries/decorations/pgflibrarydec
orations.pathmorphing.code.tex))
(c:/texlive/2024/texmf-dist/tex/generic/pgf/frontendlayer/tikz/libraries/tikzli
brarydecorations.pathreplacing.code.tex
(c:/texlive/2024/texmf-dist/tex/generic/pgf/libraries/decorations/pgflibrarydec
orations.pathreplacing.code.tex))
(c:/texlive/2024/texmf-dist/tex/generic/pgfplots/libs/tikzlibrarypgfplots.conto
urlua.code.tex)
\pgfplots@numplots=\count417
\pgfplots@xmin@reg=\dimen370
\pgfplots@xmax@reg=\dimen371
\pgfplots@ymin@reg=\dimen372
\pgfplots@ymax@reg=\dimen373
\pgfplots@zmin@reg=\dimen374
\pgfplots@zmax@reg=\dimen375
)
(c:/texlive/2024/texmf-dist/tex/generic/pgf/frontendlayer/tikz/libraries/tikzli
braryplotmarks.code.tex
File: tikzlibraryplotmarks.code.tex 2023-01-15 v3.1.10 (3.1.10)

(c:/texlive/2024/texmf-dist/tex/generic/pgf/libraries/pgflibraryplotmarks.code.
tex
File: pgflibraryplotmarks.code.tex 2023-01-15 v3.1.10 (3.1.10)
))) (c:/texlive/texmf-local/tex/latex/pgfplots/pgfplotstable.sty
Package: pgfplotstable 2011/07/29 Part of pgfplots

(c:/texlive/2024/texmf-dist/tex/generic/pgfplots/numtable/pgfplotstable.code.te
x
(c:/texlive/2024/texmf-dist/tex/generic/pgfplots/numtable/pgfplotstable.coltype
.code.tex)))
(c:/texlive/2024/texmf-dist/tex/generic/pgf/frontendlayer/tikz/libraries/tikzli
braryintersections.code.tex
(c:/texlive/2024/texmf-dist/tex/generic/pgf/libraries/pgflibraryintersections.c
ode.tex
\pgf@intersect@solutions=\count418
))
(c:/texlive/2024/texmf-dist/tex/generic/pgf/frontendlayer/tikz/libraries/tikzli
brarytrees.code.tex
File: tikzlibrarytrees.code.tex 2023-01-15 v3.1.10 (3.1.10)
)
(c:/texlive/2024/texmf-dist/tex/generic/pgf/frontendlayer/tikz/libraries/tikzli
braryarrows.code.tex
File: tikzlibraryarrows.code.tex 2023-01-15 v3.1.10 (3.1.10)

(c:/texlive/2024/texmf-dist/tex/generic/pgf/libraries/pgflibraryarrows.code.tex
File: pgflibraryarrows.code.tex 2023-01-15 v3.1.10 (3.1.10)
\arrowsize=\dimen376
))
(c:/texlive/2024/texmf-dist/tex/generic/pgf/frontendlayer/tikz/libraries/tikzli
brarybackgrounds.code.tex
File: tikzlibrarybackgrounds.code.tex 2023-01-15 v3.1.10 (3.1.10)
\pgf@layerbox@background=\box114
\pgf@layerboxsaved@background=\box115
)
(c:/texlive/2024/texmf-dist/tex/generic/pgf/frontendlayer/tikz/libraries/tikzli
brarycalc.code.tex
File: tikzlibrarycalc.code.tex 2023-01-15 v3.1.10 (3.1.10)
)
(c:/texlive/2024/texmf-dist/tex/generic/pgf/frontendlayer/tikz/libraries/tikzli
braryshapes.code.tex
File: tikzlibraryshapes.code.tex 2023-01-15 v3.1.10 (3.1.10)

(c:/texlive/2024/texmf-dist/tex/generic/pgf/frontendlayer/tikz/libraries/tikzli
braryshapes.geometric.code.tex
File: tikzlibraryshapes.geometric.code.tex 2023-01-15 v3.1.10 (3.1.10)

(c:/texlive/2024/texmf-dist/tex/generic/pgf/libraries/shapes/pgflibraryshapes.g
eometric.code.tex
File: pgflibraryshapes.geometric.code.tex 2023-01-15 v3.1.10 (3.1.10)
))
(c:/texlive/2024/texmf-dist/tex/generic/pgf/frontendlayer/tikz/libraries/tikzli
braryshapes.misc.code.tex
File: tikzlibraryshapes.misc.code.tex 2023-01-15 v3.1.10 (3.1.10)

(c:/texlive/2024/texmf-dist/tex/generic/pgf/libraries/shapes/pgflibraryshapes.m
isc.code.tex
File: pgflibraryshapes.misc.code.tex 2023-01-15 v3.1.10 (3.1.10)
))
(c:/texlive/2024/texmf-dist/tex/generic/pgf/frontendlayer/tikz/libraries/tikzli
braryshapes.symbols.code.tex
File: tikzlibraryshapes.symbols.code.tex 2023-01-15 v3.1.10 (3.1.10)

(c:/texlive/2024/texmf-dist/tex/generic/pgf/libraries/shapes/pgflibraryshapes.s
ymbols.code.tex
File: pgflibraryshapes.symbols.code.tex 2023-01-15 v3.1.10 (3.1.10)
))
(c:/texlive/2024/texmf-dist/tex/generic/pgf/frontendlayer/tikz/libraries/tikzli
braryshapes.arrows.code.tex
File: tikzlibraryshapes.arrows.code.tex 2023-01-15 v3.1.10 (3.1.10)

(c:/texlive/2024/texmf-dist/tex/generic/pgf/libraries/shapes/pgflibraryshapes.a
rrows.code.tex
File: pgflibraryshapes.arrows.code.tex 2023-01-15 v3.1.10 (3.1.10)
))
(c:/texlive/2024/texmf-dist/tex/generic/pgf/frontendlayer/tikz/libraries/tikzli
braryshapes.callouts.code.tex
(c:/texlive/2024/texmf-dist/tex/generic/pgf/libraries/shapes/pgflibraryshapes.c
allouts.code.tex))
(c:/texlive/2024/texmf-dist/tex/generic/pgf/frontendlayer/tikz/libraries/tikzli
braryshapes.multipart.code.tex
File: tikzlibraryshapes.multipart.code.tex 2023-01-15 v3.1.10 (3.1.10)

(c:/texlive/2024/texmf-dist/tex/generic/pgf/libraries/shapes/pgflibraryshapes.m
ultipart.code.tex
File: pgflibraryshapes.multipart.code.tex 2023-01-15 v3.1.10 (3.1.10)
\pgfnodepartlowerbox=\box116
\pgfnodeparttwobox=\box117
\pgfnodepartthreebox=\box118
\pgfnodepartfourbox=\box119
\pgfnodeparttwentybox=\box120
\pgfnodepartnineteenbox=\box121
\pgfnodeparteighteenbox=\box122
\pgfnodepartseventeenbox=\box123
\pgfnodepartsixteenbox=\box124
\pgfnodepartfifteenbox=\box125
\pgfnodepartfourteenbox=\box126
\pgfnodepartthirteenbox=\box127
\pgfnodeparttwelvebox=\box128
\pgfnodepartelevenbox=\box129
\pgfnodeparttenbox=\box130
\pgfnodepartninebox=\box131
\pgfnodeparteightbox=\box132
\pgfnodepartsevenbox=\box133
\pgfnodepartsixbox=\box134
\pgfnodepartfivebox=\box135
)))
(c:/texlive/2024/texmf-dist/tex/generic/pgf/frontendlayer/tikz/libraries/tikzli
braryfit.code.tex
File: tikzlibraryfit.code.tex 2023-01-15 v3.1.10 (3.1.10)
)
(c:/texlive/2024/texmf-dist/tex/generic/pgfplots/libs/tikzlibrarypgfplots.group
plots.code.tex
\pgfplots@group@current@plot=\count419
\pgfplots@group@current@row=\count420
\pgfplots@group@current@column=\count421
)
(c:/texlive/2024/texmf-dist/tex/generic/pgf/frontendlayer/tikz/libraries/tikzli
brarypositioning.code.tex
File: tikzlibrarypositioning.code.tex 2023-01-15 v3.1.10 (3.1.10)
)
(c:/texlive/2024/texmf-dist/tex/generic/pgf/frontendlayer/tikz/libraries/tikzli
braryshadows.code.tex
File: tikzlibraryshadows.code.tex 2023-01-15 v3.1.10 (3.1.10)

(c:/texlive/2024/texmf-dist/tex/generic/pgf/frontendlayer/tikz/libraries/tikzli
braryfadings.code.tex
File: tikzlibraryfadings.code.tex 2023-01-15 v3.1.10 (3.1.10)

(c:/texlive/2024/texmf-dist/tex/generic/pgf/libraries/pgflibraryfadings.code.te
x
File: pgflibraryfadings.code.tex 2023-01-15 v3.1.10 (3.1.10)
)))
Package hyperref Info: Option `colorlinks' set `true' on input line 49.
 (c:/texlive/2024/texmf-dist/tex/latex/etex-pkg/etex.sty
Package: etex 2016/08/01 v2.7 eTeX basic definition package (PEB,DPC)


Package etex Warning: Extended allocation already in use.
(etex)                etex.sty code will not be used.
(etex)                To force etex package to load, add
(etex)                \RequirePackage{etex}
(etex)                at the start of the document.

) (c:/texlive/2024/texmf-dist/tex/latex/psnfss/pifont.sty
Package: pifont 2020/03/25 PSNFSS-v9.3 Pi font support (SPQR) 

(I search kanjifont definition file: . . ) (I search font definition file: . .
. . . . . . . )
LaTeX Font Info:    Trying to load font information for U+pzd on input line 63.

 (c:/texlive/2024/texmf-dist/tex/latex/psnfss/upzd.fd
File: upzd.fd 2001/06/04 font definitions for U/pzd.
)
(I search kanjifont definition file: . . ) (I search font definition file: . .
. . . . . . . )
LaTeX Font Info:    Trying to load font information for U+psy on input line 64.

 (c:/texlive/2024/texmf-dist/tex/latex/psnfss/upsy.fd
File: upsy.fd 2001/06/04 font definitions for U/psy.
))
(c:/texlive/texmf-local/tex/platex/js/adjustbox.sty
Package: adjustbox 2011/09/04 v0.6 Adjusting TeX boxes (trim, clip, ...)

(c:/texlive/texmf-local/tex/platex/js/adjcalc.sty)
(c:/texlive/texmf-local/tex/platex/js/collectbox.sty
Package: collectbox 2011/08/23 v0.4 Collect macro arguments as boxes
\collectedbox=\box136
)
\adjbox@tllx=\dimen377
\adjbox@tlly=\dimen378
\adjbox@turx=\dimen379
\adjbox@tury=\dimen380

(c:/texlive/2024/texmf-dist/tex/generic/iftex/ifpdf.sty
Package: ifpdf 2019/10/25 v3.4 ifpdf legacy package. Use iftex instead.
)
(c:/texlive/texmf-local/tex/platex/js/adjpgf.def)
Package adjustbox Info: Using fall-back PGF driver. on input line 244.
)
(c:/texlive/texmf-local/tex/platex/js/seiro_minimal.sty)
(c:/texlive/2024/texmf-dist/tex/latex/beamer/beamerthemeMadrid.sty
(c:/texlive/2024/texmf-dist/tex/latex/beamer/beamercolorthemewhale.sty)
(c:/texlive/2024/texmf-dist/tex/latex/beamer/beamercolorthemeorchid.sty)
(c:/texlive/2024/texmf-dist/tex/latex/beamer/beamerinnerthemerounded.sty)
(c:/texlive/2024/texmf-dist/tex/latex/beamer/beamerouterthemeinfolines.sty))
(c:/texlive/2024/texmf-dist/tex/latex/beamer/beamercolorthemerose.sty)
\pgf@layerbox@foreground=\box137
\pgf@layerboxsaved@foreground=\box138
)
(c:/texlive/2024/texmf-dist/tex/latex/aobs-tikz/tikzlibraryoverlay-beamer-style
s.code.tex)
\c@angle=\count422
 (c:/texlive/2024/texmf-dist/tex/latex/oberdiek/centernot.sty
Package: centernot 2016/05/16 v1.4 Centers the not symbol horizontally (HO)
)
(c:/texlive/2024/texmf-dist/tex/latex/usebib/usebib.sty
Package: usebib 2012/03/17 v1.0 Reusing bib files
)
(c:/texlive/2024/texmf-dist/tex/latex/l3backend/l3backend-dvipdfmx.def
File: l3backend-dvipdfmx.def 2024-05-08 L3 backend support: dvipdfmx
\g__graphics_track_int=\count423
\l__pdf_internal_box=\box139
\g__pdf_backend_annotation_int=\count424
\g__pdf_backend_link_int=\count425
)
(./HK.aux)
\openout1 = `HK.aux'.

LaTeX Font Info:    Checking defaults for OML/cmm/m/it on input line 43.
LaTeX Font Info:    ... okay on input line 43.
LaTeX Font Info:    Checking defaults for OMS/cmsy/m/n on input line 43.
LaTeX Font Info:    ... okay on input line 43.
LaTeX Font Info:    Checking defaults for OT1/cmr/m/n on input line 43.
LaTeX Font Info:    ... okay on input line 43.
LaTeX Font Info:    Checking defaults for T1/cmr/m/n on input line 43.
LaTeX Font Info:    ... okay on input line 43.
LaTeX Font Info:    Checking defaults for TS1/cmr/m/n on input line 43.
LaTeX Font Info:    ... okay on input line 43.
LaTeX Font Info:    Checking defaults for OMX/cmex/m/n on input line 43.
LaTeX Font Info:    ... okay on input line 43.
LaTeX Font Info:    Checking defaults for U/cmr/m/n on input line 43.
LaTeX Font Info:    ... okay on input line 43.
LaTeX Font Info:    Checking defaults for JY1/mc/m/n on input line 43.
LaTeX Font Info:    ... okay on input line 43.
LaTeX Font Info:    Checking defaults for JT1/mc/m/n on input line 43.
LaTeX Font Info:    ... okay on input line 43.
LaTeX Font Info:    Checking defaults for PD1/pdf/m/n on input line 43.
LaTeX Font Info:    ... okay on input line 43.
LaTeX Font Info:    Checking defaults for PU/pdf/m/n on input line 43.
LaTeX Font Info:    ... okay on input line 43.

*geometry* detected driver: dvipdfm
*geometry* verbose mode - [ preamble ] result:
* driver: dvipdfm
* paper: custom
* layout: <same size as paper>
* layoutoffset:(h,v)=(0.0pt,0.0pt)
* modes: includehead includefoot 
* h-part:(L,W,R)=(11.74988pt, 431.74432pt, 11.74988pt)
* v-part:(T,H,B)=(0.0pt, 256.0748pt, 0.0pt)
* \paperwidth=455.24408pt
* \paperheight=256.0748pt
* \textwidth=431.74432pt
* \textheight=227.62207pt
* \oddsidemargin=-60.52011pt
* \evensidemargin=-60.52011pt
* \topmargin=-72.26999pt
* \headheight=14.22636pt
* \headsep=0.0pt
* \topskip=12.0pt
* \footskip=14.22636pt
* \marginparwidth=4.0pt
* \marginparsep=10.0pt
* \columnsep=10.0pt
* \skip\footins=10.8pt plus 4.0pt minus 2.0pt
* \hoffset=0.0pt
* \voffset=0.0pt
* \mag=1000
* \@twocolumnfalse
* \@twosidefalse
* \@mparswitchfalse
* \@reversemarginfalse
* (1in=72.27pt=25.4mm, 1cm=28.453pt)

Package hyperref Info: Link coloring ON on input line 43.
(./HK.out) (./HK.out)
\@outlinefile=\write6
\openout6 = `HK.out'.

LaTeX Font Info:    Overwriting symbol font `operators' in version `normal'
(Font)                  OT1/cmr/m/n --> OT1/cmss/m/n on input line 43.
LaTeX Font Info:    Overwriting symbol font `operators' in version `bold'
(Font)                  OT1/cmr/bx/n --> OT1/cmss/b/n on input line 43.
\symnumbers=\mathgroup6
\sympureletters=\mathgroup7
LaTeX Font Info:    Overwriting math alphabet `\mathrm' in version `normal'
(Font)                  OT1/cmss/m/n --> OT1/cmr/m/n on input line 43.
LaTeX Font Info:    Redeclaring math alphabet \mathbf on input line 43.
LaTeX Font Info:    Overwriting math alphabet `\mathbf' in version `normal'
(Font)                  OT1/cmr/bx/n --> OT1/cmss/b/n on input line 43.
LaTeX Font Info:    Overwriting math alphabet `\mathbf' in version `bold'
(Font)                  OT1/cmr/bx/n --> OT1/cmss/b/n on input line 43.
LaTeX Font Info:    Redeclaring math alphabet \mathsf on input line 43.
LaTeX Font Info:    Overwriting math alphabet `\mathsf' in version `normal'
(Font)                  OT1/cmss/m/n --> OT1/cmss/m/n on input line 43.
LaTeX Font Info:    Overwriting math alphabet `\mathsf' in version `bold'
(Font)                  OT1/cmss/bx/n --> OT1/cmss/m/n on input line 43.
LaTeX Font Info:    Redeclaring math alphabet \mathit on input line 43.
LaTeX Font Info:    Overwriting math alphabet `\mathit' in version `normal'
(Font)                  OT1/cmr/m/it --> OT1/cmss/m/it on input line 43.
LaTeX Font Info:    Overwriting math alphabet `\mathit' in version `bold'
(Font)                  OT1/cmr/bx/it --> OT1/cmss/m/it on input line 43.
LaTeX Font Info:    Redeclaring math alphabet \mathtt on input line 43.
LaTeX Font Info:    Overwriting math alphabet `\mathtt' in version `normal'
(Font)                  OT1/cmtt/m/n --> OT1/zi4/m/n on input line 43.
LaTeX Font Info:    Overwriting math alphabet `\mathtt' in version `bold'
(Font)                  OT1/cmtt/m/n --> OT1/zi4/m/n on input line 43.
LaTeX Font Info:    Overwriting symbol font `numbers' in version `bold'
(Font)                  OT1/cmss/m/n --> OT1/cmss/b/n on input line 43.
LaTeX Font Info:    Overwriting symbol font `pureletters' in version `bold'
(Font)                  OT1/cmss/m/it --> OT1/cmss/b/it on input line 43.
LaTeX Font Info:    Overwriting math alphabet `\mathrm' in version `bold'
(Font)                  OT1/cmss/b/n --> OT1/cmr/b/n on input line 43.
LaTeX Font Info:    Overwriting math alphabet `\mathbf' in version `bold'
(Font)                  OT1/cmss/b/n --> OT1/cmss/b/n on input line 43.
LaTeX Font Info:    Overwriting math alphabet `\mathsf' in version `bold'
(Font)                  OT1/cmss/m/n --> OT1/cmss/b/n on input line 43.
LaTeX Font Info:    Overwriting math alphabet `\mathit' in version `bold'
(Font)                  OT1/cmss/m/it --> OT1/cmss/b/it on input line 43.
LaTeX Font Info:    Overwriting math alphabet `\mathtt' in version `bold'
(Font)                  OT1/zi4/m/n --> OT1/zi4/b/n on input line 43.
LaTeX Font Info:    Redeclaring symbol font `pureletters' on input line 43.
LaTeX Font Info:    Overwriting symbol font `pureletters' in version `normal'
(Font)                  OT1/cmss/m/it --> OT1/mathkerncmss/m/sl on input line 4
3.
LaTeX Font Info:    Overwriting symbol font `pureletters' in version `bold'
(Font)                  OT1/cmss/b/it --> OT1/mathkerncmss/m/sl on input line 4
3.
LaTeX Font Info:    Overwriting symbol font `pureletters' in version `bold'
(Font)                  OT1/mathkerncmss/m/sl --> OT1/mathkerncmss/bx/sl on inp
ut line 43.

(c:/texlive/2024/texmf-dist/tex/latex/translator/translator-basic-dictionary-En
glish.dict
Dictionary: translator-basic-dictionary, Language: English 
)
(c:/texlive/2024/texmf-dist/tex/latex/translator/translator-bibliography-dictio
nary-English.dict
Dictionary: translator-bibliography-dictionary, Language: English 
)
(c:/texlive/2024/texmf-dist/tex/latex/translator/translator-environment-diction
ary-English.dict
Dictionary: translator-environment-dictionary, Language: English 
)
(c:/texlive/2024/texmf-dist/tex/latex/translator/translator-months-dictionary-E
nglish.dict
Dictionary: translator-months-dictionary, Language: English 
)
(c:/texlive/2024/texmf-dist/tex/latex/translator/translator-numbers-dictionary-
English.dict
Dictionary: translator-numbers-dictionary, Language: English 
)
(c:/texlive/2024/texmf-dist/tex/latex/translator/translator-theorem-dictionary-
English.dict
Dictionary: translator-theorem-dictionary, Language: English 
)
\c@lstlisting=\count426
 (c:/texlive/2024/texmf-dist/tex/latex/fmtcount/fc-english.def
File: fc-english.def 2016/01/12
)
Package pgfplots notification 'compat/show suggested version=true': you might b
enefit from \pgfplotsset{compat=1.18} (current compat level: 1.11).

(./HK.nav)
LaTeX Font Info:    Trying to load font information for U+msa on input line 43.

 (c:/texlive/2024/texmf-dist/tex/latex/amsfonts/umsa.fd
File: umsa.fd 2013/01/14 v3.01 AMS symbols A
)
LaTeX Font Info:    Trying to load font information for U+msb on input line 43.


(c:/texlive/2024/texmf-dist/tex/latex/amsfonts/umsb.fd
File: umsb.fd 2013/01/14 v3.01 AMS symbols B
)
LaTeX Font Info:    Trying to load font information for OT1+mathkerncmss on inp
ut line 43.

(c:/texlive/2024/texmf-dist/tex/latex/sansmathaccent/ot1mathkerncmss.fd
File: ot1mathkerncmss.fd 2020/01/31 Fontinst v1.933 font definitions for OT1/ma
thkerncmss.
)

Package hyperref Warning: Option `pdfauthor' has already been used,
(hyperref)                setting the option has no effect on input line 52.



[1

]
File: c:/seiro/docs/external/seishin/lec_slides/2024/HK/figure/SG.pdf Graphic f
ile (type pdf)
<c:/seiro/docs/external/seishin/lec_slides/2024/HK/figure/SG.pdf>

Overfull \vbox (19.35709pt too high) detected at line 72
 []



[1

]
File: c:/seiro/docs/external/seishin/lec_slides/2024/HK/figure/HG.pdf Graphic f
ile (type pdf)
<c:/seiro/docs/external/seishin/lec_slides/2024/HK/figure/HG.pdf>

Overfull \vbox (19.35709pt too high) detected at line 75
 []



[2

]
File: c:/seiro/docs/external/seishin/lec_slides/2024/HK/figure/MG.pdf Graphic f
ile (type pdf)
<c:/seiro/docs/external/seishin/lec_slides/2024/HK/figure/MG.pdf>

Overfull \vbox (19.35709pt too high) detected at line 78
 []



[3

]
LaTeX Font Info:    Font shape `JT1/mc/bx/n' in size <12> not available
(Font)              Font shape `JT1/gt/m/n' tried instead on input line 90.
LaTeX Font Info:    Font shape `JY1/mc/bx/n' in size <12> not available
(Font)              Font shape `JY1/gt/m/n' tried instead on input line 90.


Package natbib Warning: Citation `Schultz1960' on page 4 undefined on input lin
e 90.


Package natbib Warning: Citation `Schultz1961' on page 4 undefined on input lin
e 90.


Package natbib Warning: Citation `Mincer1974' on page 4 undefined on input line
 90.


Package natbib Warning: Citation `Becker1962' on page 4 undefined on input line
 90.


Package natbib Warning: Citation `Becker1964' on page 4 undefined on input line
 90.



[4

]

Package natbib Warning: Citation `Schultz1960' on page 5 undefined on input lin
e 90.


Package natbib Warning: Citation `Schultz1961' on page 5 undefined on input lin
e 90.


Package natbib Warning: Citation `Mincer1974' on page 5 undefined on input line
 90.


Package natbib Warning: Citation `Becker1962' on page 5 undefined on input line
 90.


Package natbib Warning: Citation `Becker1964' on page 5 undefined on input line
 90.



[5

]

Package natbib Warning: Citation `Schultz1960' on page 6 undefined on input lin
e 90.


Package natbib Warning: Citation `Schultz1961' on page 6 undefined on input lin
e 90.


Package natbib Warning: Citation `Mincer1974' on page 6 undefined on input line
 90.


Package natbib Warning: Citation `Becker1962' on page 6 undefined on input line
 90.


Package natbib Warning: Citation `Becker1964' on page 6 undefined on input line
 90.



[6

]

Package natbib Warning: Citation `Schultz1960' on page 7 undefined on input lin
e 90.


Package natbib Warning: Citation `Schultz1961' on page 7 undefined on input lin
e 90.


Package natbib Warning: Citation `Mincer1974' on page 7 undefined on input line
 90.


Package natbib Warning: Citation `Becker1962' on page 7 undefined on input line
 90.


Package natbib Warning: Citation `Becker1964' on page 7 undefined on input line
 90.



[7

]

Package natbib Warning: Citation `Schultz1960' on page 8 undefined on input lin
e 90.


Package natbib Warning: Citation `Schultz1961' on page 8 undefined on input lin
e 90.


Package natbib Warning: Citation `Mincer1974' on page 8 undefined on input line
 90.


Package natbib Warning: Citation `Becker1962' on page 8 undefined on input line
 90.


Package natbib Warning: Citation `Becker1964' on page 8 undefined on input line
 90.



[8

]
File: c:/seiro/docs/external/seishin/lec_slides/2024/HK/figure/LabourProductivi
tyPerEmployee.pdf Graphic file (type pdf)
<c:/seiro/docs/external/seishin/lec_slides/2024/HK/figure/LabourProductivityPer
Employee.pdf>

Overfull \hbox (17.63484pt too wide) in paragraph at lines 117--117
[][]  
 []


Overfull \vbox (4.18376pt too high) detected at line 117
 []



[9

]
File: c:/seiro/docs/external/seishin/lec_slides/2024/HK/figure/LabourProductivi
tyPerEmployee.pdf Graphic file (type pdf)
<c:/seiro/docs/external/seishin/lec_slides/2024/HK/figure/LabourProductivityPer
Employee.pdf>

Overfull \hbox (17.63484pt too wide) in paragraph at lines 117--117
[][]  
 []


Overfull \vbox (4.18376pt too high) detected at line 117
 []



[10

]
File: c:/seiro/docs/external/seishin/lec_slides/2024/HK/figure/LabourProductivi
tyPerEmployee.pdf Graphic file (type pdf)
<c:/seiro/docs/external/seishin/lec_slides/2024/HK/figure/LabourProductivityPer
Employee.pdf>

Overfull \hbox (17.63484pt too wide) in paragraph at lines 117--117
[][]  
 []


Overfull \vbox (4.18376pt too high) detected at line 117
 []



[11

]
File: c:/seiro/docs/external/seishin/lec_slides/2024/HK/figure/LabourProductivi
tyPerEmployee.pdf Graphic file (type pdf)
<c:/seiro/docs/external/seishin/lec_slides/2024/HK/figure/LabourProductivityPer
Employee.pdf>

Overfull \hbox (17.63484pt too wide) in paragraph at lines 117--117
[][]  
 []


Overfull \vbox (4.18376pt too high) detected at line 117
 []



[12

]
File: c:/seiro/docs/external/seishin/lec_slides/2024/HK/figure/LabourProductivi
tyPerEmployee2.pdf Graphic file (type pdf)
<c:/seiro/docs/external/seishin/lec_slides/2024/HK/figure/LabourProductivityPer
Employee2.pdf>

Overfull \hbox (17.63484pt too wide) in paragraph at lines 135--135
[][]  
 []


Overfull \vbox (4.18376pt too high) detected at line 135
 []



[13

]
File: c:/seiro/docs/external/seishin/lec_slides/2024/HK/figure/LabourProductivi
tyPerEmployee2.pdf Graphic file (type pdf)
<c:/seiro/docs/external/seishin/lec_slides/2024/HK/figure/LabourProductivityPer
Employee2.pdf>

Overfull \hbox (17.63484pt too wide) in paragraph at lines 135--135
[][]  
 []


Overfull \vbox (4.18376pt too high) detected at line 135
 []



[14

]
File: c:/seiro/docs/external/seishin/lec_slides/2024/HK/figure/LabourProductivi
tyPerEmployee2.pdf Graphic file (type pdf)
<c:/seiro/docs/external/seishin/lec_slides/2024/HK/figure/LabourProductivityPer
Employee2.pdf>

Overfull \hbox (17.63484pt too wide) in paragraph at lines 135--135
[][]  
 []


Overfull \vbox (4.18376pt too high) detected at line 135
 []



[15

]
File: c:/seiro/docs/external/seishin/lec_slides/2024/HK/figure/LabourProductivi
tyPerEmployee2.pdf Graphic file (type pdf)
<c:/seiro/docs/external/seishin/lec_slides/2024/HK/figure/LabourProductivityPer
Employee2.pdf>

Overfull \hbox (17.63484pt too wide) in paragraph at lines 135--135
[][]  
 []


Overfull \vbox (4.18376pt too high) detected at line 135
 []



[16

]
File: c:/seiro/docs/external/seishin/lec_slides/2024/HK/figure/GDPPerCapita.pdf
 Graphic file (type pdf)
<c:/seiro/docs/external/seishin/lec_slides/2024/HK/figure/GDPPerCapita.pdf>

Overfull \hbox (17.63484pt too wide) in paragraph at lines 156--156
[][]  
 []


Overfull \vbox (2.85002pt too high) detected at line 156
 []



[17

]
File: c:/seiro/docs/external/seishin/lec_slides/2024/HK/figure/GDPPerCapita.pdf
 Graphic file (type pdf)
<c:/seiro/docs/external/seishin/lec_slides/2024/HK/figure/GDPPerCapita.pdf>

Overfull \hbox (17.63484pt too wide) in paragraph at lines 156--156
[][]  
 []


Overfull \vbox (2.85002pt too high) detected at line 156
 []



[18

]
File: c:/seiro/docs/external/seishin/lec_slides/2024/HK/figure/GDPPerCapita.pdf
 Graphic file (type pdf)
<c:/seiro/docs/external/seishin/lec_slides/2024/HK/figure/GDPPerCapita.pdf>

Overfull \hbox (17.63484pt too wide) in paragraph at lines 156--156
[][]  
 []


Overfull \vbox (2.85002pt too high) detected at line 156
 []



[19

]
File: c:/seiro/docs/external/seishin/lec_slides/2024/HK/figure/GDPPerCapita.pdf
 Graphic file (type pdf)
<c:/seiro/docs/external/seishin/lec_slides/2024/HK/figure/GDPPerCapita.pdf>

Overfull \hbox (17.63484pt too wide) in paragraph at lines 156--156
[][]  
 []


Overfull \vbox (2.85002pt too high) detected at line 156
 []



[20

]
File: c:/seiro/docs/external/seishin/lec_slides/2024/HK/figure/GDPPerCapita.pdf
 Graphic file (type pdf)
<c:/seiro/docs/external/seishin/lec_slides/2024/HK/figure/GDPPerCapita.pdf>

Overfull \hbox (17.63484pt too wide) in paragraph at lines 156--156
[][]  
 []


Overfull \vbox (2.85002pt too high) detected at line 156
 []



[21

]
File: c:/seiro/docs/external/seishin/lec_slides/2024/HK/figure/GDPPerCapita.pdf
 Graphic file (type pdf)
<c:/seiro/docs/external/seishin/lec_slides/2024/HK/figure/GDPPerCapita.pdf>

Overfull \hbox (17.63484pt too wide) in paragraph at lines 156--156
[][]  
 []


Overfull \vbox (2.85002pt too high) detected at line 156
 []



[22

]
File: c:/seiro/docs/external/seishin/lec_slides/2024/HK/figure/GDPPerCapita2.pd
f Graphic file (type pdf)
<c:/seiro/docs/external/seishin/lec_slides/2024/HK/figure/GDPPerCapita2.pdf>

Overfull \hbox (17.63484pt too wide) in paragraph at lines 179--179
[][]  
 []


Overfull \vbox (2.85002pt too high) detected at line 179
 []



[23

]
File: c:/seiro/docs/external/seishin/lec_slides/2024/HK/figure/GDPPerCapita2.pd
f Graphic file (type pdf)
<c:/seiro/docs/external/seishin/lec_slides/2024/HK/figure/GDPPerCapita2.pdf>

Overfull \hbox (17.63484pt too wide) in paragraph at lines 179--179
[][]  
 []


Overfull \vbox (2.85002pt too high) detected at line 179
 []



[24

]
File: c:/seiro/docs/external/seishin/lec_slides/2024/HK/figure/GDPPerCapita2.pd
f Graphic file (type pdf)
<c:/seiro/docs/external/seishin/lec_slides/2024/HK/figure/GDPPerCapita2.pdf>

Overfull \hbox (17.63484pt too wide) in paragraph at lines 179--179
[][]  
 []


Overfull \vbox (2.85002pt too high) detected at line 179
 []



[25

]
File: c:/seiro/docs/external/seishin/lec_slides/2024/HK/figure/GDPPerCapita2.pd
f Graphic file (type pdf)
<c:/seiro/docs/external/seishin/lec_slides/2024/HK/figure/GDPPerCapita2.pdf>

Overfull \hbox (17.63484pt too wide) in paragraph at lines 179--179
[][]  
 []


Overfull \vbox (2.85002pt too high) detected at line 179
 []



[26

]
File: c:/seiro/docs/external/seishin/lec_slides/2024/HK/figure/GDPPerCapita2.pd
f Graphic file (type pdf)
<c:/seiro/docs/external/seishin/lec_slides/2024/HK/figure/GDPPerCapita2.pdf>

Overfull \hbox (17.63484pt too wide) in paragraph at lines 179--179
[][]  
 []


Overfull \vbox (2.85002pt too high) detected at line 179
 []



[27

]
File: c:/seiro/docs/external/seishin/lec_slides/2024/HK/figure/PikettySaezZucma
n.png Graphic file (type bmp)
<c:/seiro/docs/external/seishin/lec_slides/2024/HK/figure/PikettySaezZucman.png
>
LaTeX Font Info:    Font shape `JT1/mc/bx/n' in size <10> not available
(Font)              Font shape `JT1/gt/m/n' tried instead on input line 190.
LaTeX Font Info:    Font shape `JY1/mc/bx/n' in size <10> not available
(Font)              Font shape `JY1/gt/m/n' tried instead on input line 190.


Package natbib Warning: Citation `PikettySaezZucman2018' on page 28 undefined o
n input line 190.



[28

]

Package natbib Warning: Citation `Schultz1960' on page 29 undefined on input li
ne 218.


Package natbib Warning: Citation `Becker1964' on page 29 undefined on input lin
e 218.

LaTeX Font Info:    Kanji font shape `JY1/mc/m/it' undefined
(Font)              No change on input line 218.


[29

]

Package natbib Warning: Citation `Schultz1960' on page 30 undefined on input li
ne 218.


Package natbib Warning: Citation `Becker1964' on page 30 undefined on input lin
e 218.

LaTeX Font Info:    Kanji font shape `JY1/mc/m/it' undefined
(Font)              No change on input line 218.


[30

]

Package natbib Warning: Citation `Schultz1960' on page 31 undefined on input li
ne 218.


Package natbib Warning: Citation `Becker1964' on page 31 undefined on input lin
e 218.

LaTeX Font Info:    Kanji font shape `JY1/mc/m/it' undefined
(Font)              No change on input line 218.


[31

]

Package natbib Warning: Citation `Schultz1960' on page 32 undefined on input li
ne 218.


Package natbib Warning: Citation `Becker1964' on page 32 undefined on input lin
e 218.

LaTeX Font Info:    Kanji font shape `JY1/mc/m/it' undefined
(Font)              No change on input line 218.


[32

]

Package natbib Warning: Citation `Schultz1960' on page 33 undefined on input li
ne 218.


Package natbib Warning: Citation `Becker1964' on page 33 undefined on input lin
e 218.

LaTeX Font Info:    Kanji font shape `JY1/mc/m/it' undefined
(Font)              No change on input line 218.


[33

]

Package natbib Warning: Citation `Schultz1960' on page 34 undefined on input li
ne 218.


Package natbib Warning: Citation `Becker1964' on page 34 undefined on input lin
e 218.

LaTeX Font Info:    Kanji font shape `JY1/mc/m/it' undefined
(Font)              No change on input line 218.


[34

]

Package natbib Warning: Citation `Schultz1960' on page 35 undefined on input li
ne 218.


Package natbib Warning: Citation `Becker1964' on page 35 undefined on input lin
e 218.

LaTeX Font Info:    Kanji font shape `JY1/mc/m/it' undefined
(Font)              No change on input line 218.


[35

]

Package natbib Warning: Citation `Schultz1960' on page 36 undefined on input li
ne 218.


Package natbib Warning: Citation `Becker1964' on page 36 undefined on input lin
e 218.

LaTeX Font Info:    Kanji font shape `JY1/mc/m/it' undefined
(Font)              No change on input line 218.


[36

]

[37

]

[38

]

[39

]

[40

]

[41

]

[42

]

[43

]

[44

]

[45

]

[46

]

[47

]

[48

]

[49

]

[50

]

[51

]

[52

]

[53

]

[54

]

[55

]

[56

]

[57

]

[58

]

[59

]

[60

]

[61

]

[62

]

[63

]

[64

]

[65

]

[66

]

[67

]

[68

]

[69

]

Package natbib Warning: Citation `BalandRobinson2000' on page 70 undefined on i
nput line 329.


Package natbib Warning: Citation `BalandRobinson2000' on page 70 undefined on i
nput line 329.



[70

]

Package natbib Warning: Citation `BalandRobinson2000' on page 71 undefined on i
nput line 329.


Package natbib Warning: Citation `BalandRobinson2000' on page 71 undefined on i
nput line 329.



[71

]

Package natbib Warning: Citation `BalandRobinson2000' on page 72 undefined on i
nput line 329.


Package natbib Warning: Citation `BalandRobinson2000' on page 72 undefined on i
nput line 329.



[72

]

[73

]

[74

]

[75

]

[76

]

[77

]

[78

]

[79

]

[80

]

[81

]

[82

]

[83

]

[84

]

[85

]

[86

]

[87

]

[88

]

[89

]
Overfull \vbox (10.19203pt too high) detected at line 448
 []



[90

]
Overfull \vbox (10.19203pt too high) detected at line 448
 []



[91

]
Overfull \vbox (10.19203pt too high) detected at line 448
 []



[92

]
Overfull \vbox (10.19203pt too high) detected at line 448
 []



[93

]
Overfull \vbox (10.19203pt too high) detected at line 448
 []



[94

]
Overfull \vbox (10.19203pt too high) detected at line 448
 []



[95

]

[96

]

[97

]

[98

]

[99

]

[100

]

[101

]

[102

]

[103

]

[104

]

[105

]

[106

]

[107

]

[108

]

[109

]

[110

]

[111

]

[112

]

[113

] (c:/seiro/docs/external/seishin/lec_slides/2024/HK/TimeAllocation.tex
Overfull \hbox (12.64545pt too wide) in paragraph at lines 68--68
[]  
 []


Overfull \vbox (24.5731pt too high) detected at line 68
 []



[114

]
Overfull \hbox (12.64545pt too wide) in paragraph at lines 68--68
[]  
 []


Overfull \vbox (24.5731pt too high) detected at line 68
 []



[115

]
Overfull \hbox (12.64545pt too wide) in paragraph at lines 68--68
[]  
 []


Overfull \vbox (24.5731pt too high) detected at line 68
 []



[116

]
Overfull \hbox (12.64545pt too wide) in paragraph at lines 68--68
[]  
 []


Overfull \vbox (24.5731pt too high) detected at line 68
 []



[117

]
Overfull \hbox (12.64545pt too wide) in paragraph at lines 68--68
[]  
 []


Overfull \vbox (24.5731pt too high) detected at line 68
 []



[118

]
Overfull \hbox (12.64545pt too wide) in paragraph at lines 68--68
[]  
 []


Overfull \vbox (24.5731pt too high) detected at line 68
 []



[119

]
Overfull \hbox (12.64545pt too wide) in paragraph at lines 68--68
[]  
 []


Overfull \vbox (24.5731pt too high) detected at line 68
 []



[120

]
Overfull \hbox (12.64545pt too wide) in paragraph at lines 68--68
[]  
 []


Overfull \vbox (24.5731pt too high) detected at line 68
 []



[121

])

[122

]

[123

] (c:/seiro/docs/external/seishin/lec_slides/2024/HK/CAllocation.tex
Overfull \vbox (39.4412pt too high) detected at line 56
 []



[124

]
Overfull \vbox (39.4412pt too high) detected at line 56
 []



[125

]
Overfull \vbox (39.4412pt too high) detected at line 56
 []



[126

]
Overfull \vbox (39.4412pt too high) detected at line 56
 []



[127

])

[128

]

[129

]

[130

]

[131

]

[132

]

[133

]

[134

]

[135

]

[136

]
(c:/seiro/docs/external/seishin/lec_slides/2024/HK/TimeAllocationConstrained.te
x
Overfull \vbox (45.10788pt too high) detected at line 85
 []



[137

]
Overfull \vbox (45.10788pt too high) detected at line 85
 []



[138

]
Overfull \vbox (45.10788pt too high) detected at line 85
 []



[139

]
Overfull \vbox (45.10788pt too high) detected at line 85
 []



[140

]
Overfull \vbox (45.10788pt too high) detected at line 85
 []



[141

]
Overfull \vbox (45.10788pt too high) detected at line 85
 []



[142

]
Overfull \vbox (45.10788pt too high) detected at line 85
 []



[143

]
Overfull \vbox (45.10788pt too high) detected at line 85
 []



[144

]
Overfull \vbox (45.10788pt too high) detected at line 85
 []



[145

])

[146

]

[147

]

[148

]

[149

]

[150

]

[151

]

[152

]

[153

]

[154

]

[155

]

[156

]

[157

]

[158

]

[159

]

[160

]

[161

]

[162

]

[163

]

[164

]

[165

]

[166

]

[167

]

[168

]

[169

]

[170

]

[171

]

[172

]

[173

]

[174

]

[175

]

Package natbib Warning: Citation `Tinbergen1975' on page 176 undefined on input
 line 828.


Package natbib Warning: Citation `KatzMurphy1992' on page 176 undefined on inpu
t line 828.


Package natbib Warning: Citation `Acemoglu1998' on page 176 undefined on input 
line 828.


Package natbib Warning: Citation `Acemoglu2002' on page 176 undefined on input 
line 828.


Package natbib Warning: Citation `GoldinKatz2009' on page 176 undefined on inpu
t line 828.



[176

]

Package natbib Warning: Citation `Tinbergen1975' on page 177 undefined on input
 line 828.


Package natbib Warning: Citation `KatzMurphy1992' on page 177 undefined on inpu
t line 828.


Package natbib Warning: Citation `Acemoglu1998' on page 177 undefined on input 
line 828.


Package natbib Warning: Citation `Acemoglu2002' on page 177 undefined on input 
line 828.


Package natbib Warning: Citation `GoldinKatz2009' on page 177 undefined on inpu
t line 828.



[177

]

Package natbib Warning: Citation `Tinbergen1975' on page 178 undefined on input
 line 828.


Package natbib Warning: Citation `KatzMurphy1992' on page 178 undefined on inpu
t line 828.


Package natbib Warning: Citation `Acemoglu1998' on page 178 undefined on input 
line 828.


Package natbib Warning: Citation `Acemoglu2002' on page 178 undefined on input 
line 828.


Package natbib Warning: Citation `GoldinKatz2009' on page 178 undefined on inpu
t line 828.



[178

]

Package natbib Warning: Citation `Tinbergen1975' on page 179 undefined on input
 line 828.


Package natbib Warning: Citation `KatzMurphy1992' on page 179 undefined on inpu
t line 828.


Package natbib Warning: Citation `Acemoglu1998' on page 179 undefined on input 
line 828.


Package natbib Warning: Citation `Acemoglu2002' on page 179 undefined on input 
line 828.


Package natbib Warning: Citation `GoldinKatz2009' on page 179 undefined on inpu
t line 828.



[179

]

Package natbib Warning: Citation `Tinbergen1975' on page 180 undefined on input
 line 828.


Package natbib Warning: Citation `KatzMurphy1992' on page 180 undefined on inpu
t line 828.


Package natbib Warning: Citation `Acemoglu1998' on page 180 undefined on input 
line 828.


Package natbib Warning: Citation `Acemoglu2002' on page 180 undefined on input 
line 828.


Package natbib Warning: Citation `GoldinKatz2009' on page 180 undefined on inpu
t line 828.



[180

]

Package natbib Warning: Citation `Tinbergen1975' on page 181 undefined on input
 line 828.


Package natbib Warning: Citation `KatzMurphy1992' on page 181 undefined on inpu
t line 828.


Package natbib Warning: Citation `Acemoglu1998' on page 181 undefined on input 
line 828.


Package natbib Warning: Citation `Acemoglu2002' on page 181 undefined on input 
line 828.


Package natbib Warning: Citation `GoldinKatz2009' on page 181 undefined on inpu
t line 828.



[181

]
LaTeX Font Info:    Kanji font shape `JY1/mc/m/it' undefined
(Font)              No change on input line 856.


[182

]
LaTeX Font Info:    Kanji font shape `JY1/mc/m/it' undefined
(Font)              No change on input line 856.


[183

]
LaTeX Font Info:    Kanji font shape `JY1/mc/m/it' undefined
(Font)              No change on input line 856.


[184

]
LaTeX Font Info:    Kanji font shape `JY1/mc/m/it' undefined
(Font)              No change on input line 856.


[185

]
LaTeX Font Info:    Kanji font shape `JY1/mc/m/it' undefined
(Font)              No change on input line 856.


[186

]
LaTeX Font Info:    Kanji font shape `JY1/mc/m/it' undefined
(Font)              No change on input line 856.


[187

]
LaTeX Font Info:    Kanji font shape `JY1/mc/m/it' undefined
(Font)              No change on input line 856.


[188

]
LaTeX Font Info:    Kanji font shape `JY1/mc/m/it' undefined
(Font)              No change on input line 856.


[189

]
LaTeX Font Info:    Kanji font shape `JY1/mc/m/it' undefined
(Font)              No change on input line 856.


[190

]

Package natbib Warning: Citation `GoldinKatz2009' on page 191 undefined on inpu
t line 873.

File: c:/seiro/docs/external/seishin/lec_slides/2024/HK/figure/GoldinKatzFigure
61.jpg Graphic file (type bmp)
<c:/seiro/docs/external/seishin/lec_slides/2024/HK/figure/GoldinKatzFigure61.jp
g>

Overfull \vbox (9.90207pt too high) detected at line 873
 []



[191

]

Package natbib Warning: Citation `GoldinKatz2009' on page 192 undefined on inpu
t line 916.

File: c:/seiro/docs/external/seishin/lec_slides/2024/HK/figure/GoldinKatzTable5
1.jpg Graphic file (type bmp)
<c:/seiro/docs/external/seishin/lec_slides/2024/HK/figure/GoldinKatzTable51.jpg
>


[192

]

Package natbib Warning: Citation `GoldinKatz2009' on page 193 undefined on inpu
t line 916.

File: c:/seiro/docs/external/seishin/lec_slides/2024/HK/figure/GoldinKatzTable5
1.jpg Graphic file (type bmp)
<c:/seiro/docs/external/seishin/lec_slides/2024/HK/figure/GoldinKatzTable51.jpg
>


[193

]

Package natbib Warning: Citation `GoldinKatz2009' on page 194 undefined on inpu
t line 916.

File: c:/seiro/docs/external/seishin/lec_slides/2024/HK/figure/GoldinKatzTable5
1.jpg Graphic file (type bmp)
<c:/seiro/docs/external/seishin/lec_slides/2024/HK/figure/GoldinKatzTable51.jpg
>


[194

]

Package natbib Warning: Citation `GoldinKatz2009' on page 195 undefined on inpu
t line 916.

File: c:/seiro/docs/external/seishin/lec_slides/2024/HK/figure/GoldinKatzTable5
1.jpg Graphic file (type bmp)
<c:/seiro/docs/external/seishin/lec_slides/2024/HK/figure/GoldinKatzTable51.jpg
>


[195

]

Package natbib Warning: Citation `GoldinKatz2009' on page 196 undefined on inpu
t line 916.

File: c:/seiro/docs/external/seishin/lec_slides/2024/HK/figure/GoldinKatzTable5
1.jpg Graphic file (type bmp)
<c:/seiro/docs/external/seishin/lec_slides/2024/HK/figure/GoldinKatzTable51.jpg
>


[196

]

Package natbib Warning: Citation `GoldinKatz2009' on page 197 undefined on inpu
t line 942.

File: c:/seiro/docs/external/seishin/lec_slides/2024/HK/figure/GoldinKatzFigure
71.jpg Graphic file (type bmp)
<c:/seiro/docs/external/seishin/lec_slides/2024/HK/figure/GoldinKatzFigure71.jp
g>

Package natbib Warning: Citation `GoldinKatz2009' on page 197 undefined on inpu
t line 942.


Overfull \vbox (21.49973pt too high) detected at line 942
 []



[197

]

Package natbib Warning: Citation `GoldinKatz2009' on page 198 undefined on inpu
t line 942.

File: c:/seiro/docs/external/seishin/lec_slides/2024/HK/figure/GoldinKatzFigure
71.jpg Graphic file (type bmp)
<c:/seiro/docs/external/seishin/lec_slides/2024/HK/figure/GoldinKatzFigure71.jp
g>

Package natbib Warning: Citation `GoldinKatz2009' on page 198 undefined on inpu
t line 942.


Overfull \vbox (21.49973pt too high) detected at line 942
 []



[198

]

Package natbib Warning: Citation `GoldinKatz2009' on page 199 undefined on inpu
t line 942.

File: c:/seiro/docs/external/seishin/lec_slides/2024/HK/figure/GoldinKatzFigure
71.jpg Graphic file (type bmp)
<c:/seiro/docs/external/seishin/lec_slides/2024/HK/figure/GoldinKatzFigure71.jp
g>

Package natbib Warning: Citation `GoldinKatz2009' on page 199 undefined on inpu
t line 942.


Overfull \vbox (21.49973pt too high) detected at line 942
 []



[199

]

Package natbib Warning: Citation `GoldinKatz2009' on page 200 undefined on inpu
t line 968.

File: c:/seiro/docs/external/seishin/lec_slides/2024/HK/figure/GoldinKatzTable8
1.jpg Graphic file (type bmp)
<c:/seiro/docs/external/seishin/lec_slides/2024/HK/figure/GoldinKatzTable81.jpg
>

Overfull \vbox (5.66309pt too high) detected at line 968
 []



[200

]

Package natbib Warning: Citation `GoldinKatz2009' on page 201 undefined on inpu
t line 968.

File: c:/seiro/docs/external/seishin/lec_slides/2024/HK/figure/GoldinKatzTable8
1.jpg Graphic file (type bmp)
<c:/seiro/docs/external/seishin/lec_slides/2024/HK/figure/GoldinKatzTable81.jpg
>

Overfull \vbox (5.66309pt too high) detected at line 968
 []



[201

]

Package natbib Warning: Citation `GoldinKatz2009' on page 202 undefined on inpu
t line 968.

File: c:/seiro/docs/external/seishin/lec_slides/2024/HK/figure/GoldinKatzTable8
1.jpg Graphic file (type bmp)
<c:/seiro/docs/external/seishin/lec_slides/2024/HK/figure/GoldinKatzTable81.jpg
>

Overfull \vbox (5.66309pt too high) detected at line 968
 []



[202

]

Package natbib Warning: Citation `GoldinKatz2009' on page 203 undefined on inpu
t line 997.

File: c:/seiro/docs/external/seishin/lec_slides/2024/HK/figure/GoldinKatz_Figur
e81.jpg Graphic file (type bmp)
<c:/seiro/docs/external/seishin/lec_slides/2024/HK/figure/GoldinKatz_Figure81.j
pg>

Overfull \vbox (8.57101pt too high) detected at line 997
 []



[203

]

Package natbib Warning: Citation `GoldinKatz2009' on page 204 undefined on inpu
t line 997.

File: c:/seiro/docs/external/seishin/lec_slides/2024/HK/figure/GoldinKatz_Figur
e81.jpg Graphic file (type bmp)
<c:/seiro/docs/external/seishin/lec_slides/2024/HK/figure/GoldinKatz_Figure81.j
pg>

Overfull \vbox (8.57101pt too high) detected at line 997
 []



[204

]

Package natbib Warning: Citation `GoldinKatz2009' on page 205 undefined on inpu
t line 997.

File: c:/seiro/docs/external/seishin/lec_slides/2024/HK/figure/GoldinKatz_Figur
e81.jpg Graphic file (type bmp)
<c:/seiro/docs/external/seishin/lec_slides/2024/HK/figure/GoldinKatz_Figure81.j
pg>

Overfull \vbox (8.57101pt too high) detected at line 997
 []



[205

]

Package natbib Warning: Citation `GoldinKatz2009' on page 206 undefined on inpu
t line 997.

File: c:/seiro/docs/external/seishin/lec_slides/2024/HK/figure/GoldinKatz_Figur
e81.jpg Graphic file (type bmp)
<c:/seiro/docs/external/seishin/lec_slides/2024/HK/figure/GoldinKatz_Figure81.j
pg>

Overfull \vbox (8.57101pt too high) detected at line 997
 []



[206

] (c:/texlive/texmf-local/tex/platex/js/lstmisc.sty
File: lstmisc.sty 2007/02/22 1.4 (Carsten Heinz)
\lstFV@gtempboxa=\box140
)
LaTeX Font Info:    Trying to load font information for OT1+zi4 on input line 1
000.

(c:/texlive/2024/texmf-dist/tex/latex/inconsolata/ot1zi4.fd
File: ot1zi4.fd 2018/01/14 OT1/zi4 (Inconsolata)
)
LaTeX Font Info:    Font shape `OT1/zi4/m/n' will be
(Font)              scaled to size 10.0pt on input line 1000.

Overfull \hbox (141.88358pt too wide) in paragraph at lines 1031--1032
[][][][][][][][][][][][][][][][][][][][][][][][][][][][][][][][][][][][][][][][
][]\JY1/mc/m/n/10 引
 []



[207

]
LaTeX Font Info:    Trying to load font information for TS1+zi4 on input line 1
034.
 (c:/texlive/2024/texmf-dist/tex/latex/inconsolata/ts1zi4.fd
File: ts1zi4.fd 2018/01/14 TS1/zi4 (Inconsolata)
)
LaTeX Font Info:    Font shape `TS1/zi4/m/n' will be
(Font)              scaled to size 10.0pt on input line 1034.

Overfull \hbox (294.26306pt too wide) in paragraph at lines 1052--1053
[][][][][][][][][][][][][][][][][][][][][][][][][][][][][][][][][][][][][][][][
][][][][][][][][] 
 []


Package natbib Warning: Citation `Acemoglu2002' on page 208 undefined on input 
line 1073.



[208]

[209]

Package natbib Warning: Citation `GoldinKatz2009' on page 210 undefined on inpu
t line 1102.


Package natbib Warning: Citation `GoldinKatz2009' on page 210 undefined on inpu
t line 1102.



[210

]

Package natbib Warning: Citation `GoldinKatz2009' on page 211 undefined on inpu
t line 1102.


Package natbib Warning: Citation `GoldinKatz2009' on page 211 undefined on inpu
t line 1102.



[211

]

Package natbib Warning: Citation `GoldinKatz2009' on page 212 undefined on inpu
t line 1102.


Package natbib Warning: Citation `GoldinKatz2009' on page 212 undefined on inpu
t line 1102.



[212

]

Package natbib Warning: Citation `GoldinKatz2009' on page 213 undefined on inpu
t line 1102.


Package natbib Warning: Citation `GoldinKatz2009' on page 213 undefined on inpu
t line 1102.



[213

]

Package natbib Warning: Citation `GoldinKatz2009' on page 214 undefined on inpu
t line 1102.


Package natbib Warning: Citation `GoldinKatz2009' on page 214 undefined on inpu
t line 1102.



[214

]

Package natbib Warning: Citation `GoldinKatz2009' on page 215 undefined on inpu
t line 1102.


Package natbib Warning: Citation `GoldinKatz2009' on page 215 undefined on inpu
t line 1102.



[215

]

Package natbib Warning: Citation `GoldinKatz2009' on page 216 undefined on inpu
t line 1102.


Package natbib Warning: Citation `GoldinKatz2009' on page 216 undefined on inpu
t line 1102.



[216

]

Package natbib Warning: Citation `GoldinKatz2009' on page 217 undefined on inpu
t line 1102.


Package natbib Warning: Citation `GoldinKatz2009' on page 217 undefined on inpu
t line 1102.



[217

]
File: c:/seiro/docs/external/seishin/lec_slides/2024/HK/figure/CollegePremiumIn
Japan.pdf Graphic file (type pdf)
<c:/seiro/docs/external/seishin/lec_slides/2024/HK/figure/CollegePremiumInJapan
.pdf>

Overfull \vbox (6.17795pt too high) detected at line 1108
 []



[218

]
File: c:/seiro/docs/external/seishin/lec_slides/2022/HK/figure/PikettySaezZucma
n_IncomeDistribution.png Graphic file (type bmp)
<c:/seiro/docs/external/seishin/lec_slides/2022/HK/figure/PikettySaezZucman_Inc
omeDistribution.png>


Package natbib Warning: Citation `PikettySaezZucman2018' on page 219 undefined 
on input line 1183.


Overfull \vbox (10.23944pt too high) detected at line 1183
 []



[219

]
File: c:/seiro/docs/external/seishin/lec_slides/2022/HK/figure/PikettySaezZucma
n_IncomeDistribution.png Graphic file (type bmp)
<c:/seiro/docs/external/seishin/lec_slides/2022/HK/figure/PikettySaezZucman_Inc
omeDistribution.png>


Package natbib Warning: Citation `PikettySaezZucman2018' on page 220 undefined 
on input line 1183.


Overfull \vbox (10.23944pt too high) detected at line 1183
 []



[220

]
File: c:/seiro/docs/external/seishin/lec_slides/2022/HK/figure/PikettySaezZucma
n_IncomeDistribution.png Graphic file (type bmp)
<c:/seiro/docs/external/seishin/lec_slides/2022/HK/figure/PikettySaezZucman_Inc
omeDistribution.png>


Package natbib Warning: Citation `PikettySaezZucman2018' on page 221 undefined 
on input line 1183.


Overfull \vbox (10.23944pt too high) detected at line 1183
 []



[221

]
File: c:/seiro/docs/external/seishin/lec_slides/2022/HK/figure/PikettySaezZucma
n_IncomeDistribution.png Graphic file (type bmp)
<c:/seiro/docs/external/seishin/lec_slides/2022/HK/figure/PikettySaezZucman_Inc
omeDistribution.png>


Package natbib Warning: Citation `PikettySaezZucman2018' on page 222 undefined 
on input line 1183.


Overfull \vbox (10.23944pt too high) detected at line 1183
 []



[222

]
File: c:/seiro/docs/external/seishin/lec_slides/2022/HK/figure/PikettySaezZucma
n_IncomeDistribution.png Graphic file (type bmp)
<c:/seiro/docs/external/seishin/lec_slides/2022/HK/figure/PikettySaezZucman_Inc
omeDistribution.png>


Package natbib Warning: Citation `PikettySaezZucman2018' on page 223 undefined 
on input line 1183.


Overfull \vbox (10.23944pt too high) detected at line 1183
 []



[223

]
File: c:/seiro/docs/external/seishin/lec_slides/2022/HK/figure/PikettySaezZucma
n_IncomeDistribution.png Graphic file (type bmp)
<c:/seiro/docs/external/seishin/lec_slides/2022/HK/figure/PikettySaezZucman_Inc
omeDistribution.png>


Package natbib Warning: Citation `PikettySaezZucman2018' on page 224 undefined 
on input line 1183.


Overfull \vbox (10.23944pt too high) detected at line 1183
 []



[224

]
File: c:/seiro/docs/external/seishin/lec_slides/2022/HK/figure/PikettySaezZucma
n_IncomeDistribution.png Graphic file (type bmp)
<c:/seiro/docs/external/seishin/lec_slides/2022/HK/figure/PikettySaezZucman_Inc
omeDistribution.png>


Package natbib Warning: Citation `PikettySaezZucman2018' on page 225 undefined 
on input line 1183.


Overfull \vbox (10.23944pt too high) detected at line 1183
 []



[225

]

[226

]

Package natbib Warning: Citation `KatzMurphy1992' on page 227 undefined on inpu
t line 1215.


Package natbib Warning: Citation `GoldinKatz2009' on page 227 undefined on inpu
t line 1215.


Package natbib Warning: Citation `Piketty2014' on page 227 undefined on input l
ine 1215.


Package natbib Warning: Citation `NekoeiSeim2022' on page 227 undefined on inpu
t line 1215.


Package natbib Warning: Citation `Piketty2014' on page 227 undefined on input l
ine 1215.


Package natbib Warning: Citation `PikettySaez2014' on page 227 undefined on inp
ut line 1215.


Package natbib Warning: Citation `PikettySaezZucman2018' on page 227 undefined 
on input line 1215.


Package natbib Warning: Citation `ADKPV2020' on page 227 undefined on input lin
e 1215.



[227

]

Package natbib Warning: Citation `KatzMurphy1992' on page 228 undefined on inpu
t line 1215.


Package natbib Warning: Citation `GoldinKatz2009' on page 228 undefined on inpu
t line 1215.


Package natbib Warning: Citation `Piketty2014' on page 228 undefined on input l
ine 1215.


Package natbib Warning: Citation `NekoeiSeim2022' on page 228 undefined on inpu
t line 1215.


Package natbib Warning: Citation `Piketty2014' on page 228 undefined on input l
ine 1215.


Package natbib Warning: Citation `PikettySaez2014' on page 228 undefined on inp
ut line 1215.


Package natbib Warning: Citation `PikettySaezZucman2018' on page 228 undefined 
on input line 1215.


Package natbib Warning: Citation `ADKPV2020' on page 228 undefined on input lin
e 1215.



[228

]

Package natbib Warning: Citation `KatzMurphy1992' on page 229 undefined on inpu
t line 1215.


Package natbib Warning: Citation `GoldinKatz2009' on page 229 undefined on inpu
t line 1215.


Package natbib Warning: Citation `Piketty2014' on page 229 undefined on input l
ine 1215.


Package natbib Warning: Citation `NekoeiSeim2022' on page 229 undefined on inpu
t line 1215.


Package natbib Warning: Citation `Piketty2014' on page 229 undefined on input l
ine 1215.


Package natbib Warning: Citation `PikettySaez2014' on page 229 undefined on inp
ut line 1215.


Package natbib Warning: Citation `PikettySaezZucman2018' on page 229 undefined 
on input line 1215.


Package natbib Warning: Citation `ADKPV2020' on page 229 undefined on input lin
e 1215.



[229

]

Package natbib Warning: Citation `KatzMurphy1992' on page 230 undefined on inpu
t line 1215.


Package natbib Warning: Citation `GoldinKatz2009' on page 230 undefined on inpu
t line 1215.


Package natbib Warning: Citation `Piketty2014' on page 230 undefined on input l
ine 1215.


Package natbib Warning: Citation `NekoeiSeim2022' on page 230 undefined on inpu
t line 1215.


Package natbib Warning: Citation `Piketty2014' on page 230 undefined on input l
ine 1215.


Package natbib Warning: Citation `PikettySaez2014' on page 230 undefined on inp
ut line 1215.


Package natbib Warning: Citation `PikettySaezZucman2018' on page 230 undefined 
on input line 1215.


Package natbib Warning: Citation `ADKPV2020' on page 230 undefined on input lin
e 1215.



[230

]

Package natbib Warning: Citation `KatzMurphy1992' on page 231 undefined on inpu
t line 1215.


Package natbib Warning: Citation `GoldinKatz2009' on page 231 undefined on inpu
t line 1215.


Package natbib Warning: Citation `Piketty2014' on page 231 undefined on input l
ine 1215.


Package natbib Warning: Citation `NekoeiSeim2022' on page 231 undefined on inpu
t line 1215.


Package natbib Warning: Citation `Piketty2014' on page 231 undefined on input l
ine 1215.


Package natbib Warning: Citation `PikettySaez2014' on page 231 undefined on inp
ut line 1215.


Package natbib Warning: Citation `PikettySaezZucman2018' on page 231 undefined 
on input line 1215.


Package natbib Warning: Citation `ADKPV2020' on page 231 undefined on input lin
e 1215.



[231

]

[232

]

[233

]

[234

]

[235

]

[236

]

[237

]

Package natbib Warning: Citation `JerzmanowskiTamura2019' on page 238 undefined
 on input line 1258.


Package natbib Warning: Citation `Okoye2016' on page 238 undefined on input lin
e 1258.



[238

]

Package natbib Warning: Citation `JerzmanowskiTamura2019' on page 239 undefined
 on input line 1258.


Package natbib Warning: Citation `Okoye2016' on page 239 undefined on input lin
e 1258.



[239

]

Package natbib Warning: Citation `JerzmanowskiTamura2019' on page 240 undefined
 on input line 1258.


Package natbib Warning: Citation `Okoye2016' on page 240 undefined on input lin
e 1258.



[240

]

Package natbib Warning: Citation `JerzmanowskiTamura2019' on page 241 undefined
 on input line 1258.


Package natbib Warning: Citation `Okoye2016' on page 241 undefined on input lin
e 1258.



[241

]

Package natbib Warning: Citation `JerzmanowskiTamura2019' on page 242 undefined
 on input line 1258.


Package natbib Warning: Citation `Okoye2016' on page 242 undefined on input lin
e 1258.



[242

]

Package natbib Warning: Citation `JerzmanowskiTamura2019' on page 243 undefined
 on input line 1258.


Package natbib Warning: Citation `Okoye2016' on page 243 undefined on input lin
e 1258.



[243

]

Package natbib Warning: Citation `JerzmanowskiTamura2019' on page 244 undefined
 on input line 1258.


Package natbib Warning: Citation `Okoye2016' on page 244 undefined on input lin
e 1258.



[244

]

Package natbib Warning: Citation `JerzmanowskiTamura2019' on page 245 undefined
 on input line 1258.


Package natbib Warning: Citation `Okoye2016' on page 245 undefined on input lin
e 1258.



[245

]

Package natbib Warning: Citation `JerzmanowskiTamura2019' on page 246 undefined
 on input line 1258.


Package natbib Warning: Citation `Okoye2016' on page 246 undefined on input lin
e 1258.



[246

]

Package natbib Warning: Citation `JerzmanowskiTamura2019' on page 247 undefined
 on input line 1258.


Package natbib Warning: Citation `Okoye2016' on page 247 undefined on input lin
e 1258.



[247

]

[248

]

[249

]

[250

]

[251

]

[252

]

[253

]

[254

]

[255

]

[256

]

[257

]

[258

]

Package natbib Warning: Citation `BalandRobinson2000' on page 259 undefined on 
input line 1317.

File: c:/seiro/docs/external/seishin/lec_slides/2024/HK/figure/MDG.jpg Graphic 
file (type bmp)
<c:/seiro/docs/external/seishin/lec_slides/2024/HK/figure/MDG.jpg>
File: c:/seiro/docs/external/seishin/lec_slides/2024/HK/figure/SDGs.jpg Graphic
 file (type bmp)
<c:/seiro/docs/external/seishin/lec_slides/2024/HK/figure/SDGs.jpg>


[259

]

Package natbib Warning: Citation `BalandRobinson2000' on page 260 undefined on 
input line 1317.

File: c:/seiro/docs/external/seishin/lec_slides/2024/HK/figure/MDG.jpg Graphic 
file (type bmp)
<c:/seiro/docs/external/seishin/lec_slides/2024/HK/figure/MDG.jpg>
File: c:/seiro/docs/external/seishin/lec_slides/2024/HK/figure/SDGs.jpg Graphic
 file (type bmp)
<c:/seiro/docs/external/seishin/lec_slides/2024/HK/figure/SDGs.jpg>


[260

]

Package natbib Warning: Citation `BalandRobinson2000' on page 261 undefined on 
input line 1317.

File: c:/seiro/docs/external/seishin/lec_slides/2024/HK/figure/MDG.jpg Graphic 
file (type bmp)
<c:/seiro/docs/external/seishin/lec_slides/2024/HK/figure/MDG.jpg>
File: c:/seiro/docs/external/seishin/lec_slides/2024/HK/figure/SDGs.jpg Graphic
 file (type bmp)
<c:/seiro/docs/external/seishin/lec_slides/2024/HK/figure/SDGs.jpg>


[261

]

Package natbib Warning: Citation `BalandRobinson2000' on page 262 undefined on 
input line 1317.

File: c:/seiro/docs/external/seishin/lec_slides/2024/HK/figure/MDG.jpg Graphic 
file (type bmp)
<c:/seiro/docs/external/seishin/lec_slides/2024/HK/figure/MDG.jpg>
File: c:/seiro/docs/external/seishin/lec_slides/2024/HK/figure/SDGs.jpg Graphic
 file (type bmp)
<c:/seiro/docs/external/seishin/lec_slides/2024/HK/figure/SDGs.jpg>


[262

]

Package natbib Warning: Citation `BalandRobinson2000' on page 263 undefined on 
input line 1317.

File: c:/seiro/docs/external/seishin/lec_slides/2024/HK/figure/MDG.jpg Graphic 
file (type bmp)
<c:/seiro/docs/external/seishin/lec_slides/2024/HK/figure/MDG.jpg>
File: c:/seiro/docs/external/seishin/lec_slides/2024/HK/figure/SDGs.jpg Graphic
 file (type bmp)
<c:/seiro/docs/external/seishin/lec_slides/2024/HK/figure/SDGs.jpg>


[263

]

Package natbib Warning: Citation `BalandRobinson2000' on page 264 undefined on 
input line 1317.

File: c:/seiro/docs/external/seishin/lec_slides/2024/HK/figure/MDG.jpg Graphic 
file (type bmp)
<c:/seiro/docs/external/seishin/lec_slides/2024/HK/figure/MDG.jpg>
File: c:/seiro/docs/external/seishin/lec_slides/2024/HK/figure/SDGs.jpg Graphic
 file (type bmp)
<c:/seiro/docs/external/seishin/lec_slides/2024/HK/figure/SDGs.jpg>


[264

]

[265

]

[266

]

[267

]

[268

]

[269

]

[270

]

[271

]

[272

]

[273

]

[274

]

[275

]

[276

]

[277

]
File: HK/figure/Pratham2018GovPvtReading.jpg Graphic file (type bmp)
<HK/figure/Pratham2018GovPvtReading.jpg>
File: HK/figure/Pratham2018GovPvtArithmetic.jpg Graphic file (type bmp)
<HK/figure/Pratham2018GovPvtArithmetic.jpg>
File: HK/figure/Pratham2018Gender.jpg Graphic file (type bmp)
<HK/figure/Pratham2018Gender.jpg>


Package natbib Warning: Citation `Pratham2018' on page 278 undefined on input l
ine 1368.


Overfull \hbox (2.61107pt too wide) in paragraph at lines 1368--1368
[][] [] 
 []



[278

]

[279

]

[280

]

[281

]

[282

]

[283

]

[284

]

Package natbib Warning: Citation `Mbiti2019' on page 285 undefined on input lin
e 1425.



[285

]

Package natbib Warning: Citation `Mbiti2019' on page 286 undefined on input lin
e 1425.



[286

]

Package natbib Warning: Citation `Mbiti2019' on page 287 undefined on input lin
e 1425.



[287

]
File: HK/figure/Mbiti_Tab4.jpg Graphic file (type bmp)
<HK/figure/Mbiti_Tab4.jpg>


Package natbib Warning: Citation `Mbiti2019' on page 288 undefined on input lin
e 1450.


Overfull \hbox (0.79997pt too wide) in paragraph at lines 1450--1450
[][]  
 []


Underfull \hbox (badness 10000) in paragraph at lines 1450--1450
[]\OT1/cmss/m/n/10 -Grant-Incentives=0\JY1/mc/m/n/10 、
 []


Underfull \hbox (badness 10000) in paragraph at lines 1450--1450
\JY1/mc/m/n/10 つまり、 帰無仮説
 []


Underfull \hbox (badness 3343) in paragraph at lines 1450--1450
\JY1/mc/m/n/10 計と同じ 」 の検定 。
 []


Overfull \vbox (1.01712pt too high) detected at line 1450
 []



[288

]
File: HK/figure/Mbiti_Tab4.jpg Graphic file (type bmp)
<HK/figure/Mbiti_Tab4.jpg>


Package natbib Warning: Citation `Mbiti2019' on page 289 undefined on input lin
e 1450.


Overfull \hbox (0.79997pt too wide) in paragraph at lines 1450--1450
[][]  
 []


Underfull \hbox (badness 10000) in paragraph at lines 1450--1450
[]\OT1/cmss/m/n/10 -Grant-Incentives=0\JY1/mc/m/n/10 、
 []


Underfull \hbox (badness 10000) in paragraph at lines 1450--1450
\JY1/mc/m/n/10 つまり、 帰無仮説
 []


Underfull \hbox (badness 3343) in paragraph at lines 1450--1450
\JY1/mc/m/n/10 計と同じ 」 の検定 。
 []


Overfull \vbox (1.01712pt too high) detected at line 1450
 []



[289

]
File: HK/figure/Mbiti_Tab4.jpg Graphic file (type bmp)
<HK/figure/Mbiti_Tab4.jpg>


Package natbib Warning: Citation `Mbiti2019' on page 290 undefined on input lin
e 1450.


Overfull \hbox (0.79997pt too wide) in paragraph at lines 1450--1450
[][]  
 []


Underfull \hbox (badness 10000) in paragraph at lines 1450--1450
[]\OT1/cmss/m/n/10 -Grant-Incentives=0\JY1/mc/m/n/10 、
 []


Underfull \hbox (badness 10000) in paragraph at lines 1450--1450
\JY1/mc/m/n/10 つまり、 帰無仮説
 []


Underfull \hbox (badness 3343) in paragraph at lines 1450--1450
\JY1/mc/m/n/10 計と同じ 」 の検定 。
 []


Overfull \vbox (1.01712pt too high) detected at line 1450
 []



[290

]
File: HK/figure/Mbiti_Tab4.jpg Graphic file (type bmp)
<HK/figure/Mbiti_Tab4.jpg>


Package natbib Warning: Citation `Mbiti2019' on page 291 undefined on input lin
e 1450.


Overfull \hbox (0.79997pt too wide) in paragraph at lines 1450--1450
[][]  
 []


Underfull \hbox (badness 10000) in paragraph at lines 1450--1450
[]\OT1/cmss/m/n/10 -Grant-Incentives=0\JY1/mc/m/n/10 、
 []


Underfull \hbox (badness 10000) in paragraph at lines 1450--1450
\JY1/mc/m/n/10 つまり、 帰無仮説
 []


Underfull \hbox (badness 3343) in paragraph at lines 1450--1450
\JY1/mc/m/n/10 計と同じ 」 の検定 。
 []


Overfull \vbox (1.01712pt too high) detected at line 1450
 []



[291

]
File: HK/figure/Mbiti_Tab4.jpg Graphic file (type bmp)
<HK/figure/Mbiti_Tab4.jpg>


Package natbib Warning: Citation `Mbiti2019' on page 292 undefined on input lin
e 1450.


Overfull \hbox (0.79997pt too wide) in paragraph at lines 1450--1450
[][]  
 []


Underfull \hbox (badness 10000) in paragraph at lines 1450--1450
[]\OT1/cmss/m/n/10 -Grant-Incentives=0\JY1/mc/m/n/10 、
 []


Underfull \hbox (badness 10000) in paragraph at lines 1450--1450
\JY1/mc/m/n/10 つまり、 帰無仮説
 []


Underfull \hbox (badness 3343) in paragraph at lines 1450--1450
\JY1/mc/m/n/10 計と同じ 」 の検定 。
 []


Overfull \vbox (1.01712pt too high) detected at line 1450
 []



[292

]

Package natbib Warning: Citation `Mbiti2019' on page 293 undefined on input lin
e 1464.



[293

]

Package natbib Warning: Citation `Mbiti2019' on page 294 undefined on input lin
e 1464.



[294

]

Package natbib Warning: Citation `Mbiti2019' on page 295 undefined on input lin
e 1464.



[295

]

Package natbib Warning: Citation `Mbiti2019' on page 296 undefined on input lin
e 1464.



[296

]
Overfull \vbox (2.27948pt too high) detected at line 1492
 []



[297

]
Overfull \vbox (2.27948pt too high) detected at line 1492
 []



[298

]
Overfull \vbox (2.27948pt too high) detected at line 1492
 []



[299

]
Overfull \vbox (2.27948pt too high) detected at line 1492
 []



[300

]
Overfull \vbox (2.27948pt too high) detected at line 1492
 []



[301

]
Overfull \vbox (2.27948pt too high) detected at line 1492
 []



[302

]
Overfull \vbox (2.27948pt too high) detected at line 1492
 []



[303

]

Package natbib Warning: Citation `Mbiti2019' on page 304 undefined on input lin
e 1511.


Package natbib Warning: Citation `Gilligan2019' on page 304 undefined on input 
line 1511.



[304

]

Package natbib Warning: Citation `Mbiti2019' on page 305 undefined on input lin
e 1511.


Package natbib Warning: Citation `Gilligan2019' on page 305 undefined on input 
line 1511.



[305

]

Package natbib Warning: Citation `Mbiti2019' on page 306 undefined on input lin
e 1511.


Package natbib Warning: Citation `Gilligan2019' on page 306 undefined on input 
line 1511.



[306

]

Package natbib Warning: Citation `Mbiti2019' on page 307 undefined on input lin
e 1511.


Package natbib Warning: Citation `Gilligan2019' on page 307 undefined on input 
line 1511.



[307

]

Package natbib Warning: Citation `Leaver2021' on page 308 undefined on input li
ne 1535.



[308

]

Package natbib Warning: Citation `Leaver2021' on page 309 undefined on input li
ne 1535.



[309

]

Package natbib Warning: Citation `Leaver2021' on page 310 undefined on input li
ne 1535.



[310

]

Package natbib Warning: Citation `Leaver2021' on page 311 undefined on input li
ne 1535.



[311

]

Package natbib Warning: Citation `Leaver2021' on page 312 undefined on input li
ne 1535.



[312

]
Overfull \vbox (10.0446pt too high) detected at line 1608
 []


Overfull \hbox (37.23637pt too wide) in paragraph at lines 1608--1608
[][] 
 []



[313

]
Overfull \vbox (10.0446pt too high) detected at line 1608
 []


Overfull \hbox (37.23637pt too wide) in paragraph at lines 1608--1608
[][] 
 []



[314

]
Overfull \vbox (10.0446pt too high) detected at line 1608
 []


Overfull \hbox (37.23637pt too wide) in paragraph at lines 1608--1608
[][] 
 []



[315

]
Overfull \vbox (10.0446pt too high) detected at line 1608
 []


Overfull \hbox (37.23637pt too wide) in paragraph at lines 1608--1608
[][] 
 []



[316

]
Overfull \vbox (10.0446pt too high) detected at line 1608
 []


Overfull \hbox (37.23637pt too wide) in paragraph at lines 1608--1608
[][] 
 []



[317

]
Overfull \vbox (10.0446pt too high) detected at line 1608
 []


Overfull \hbox (37.23637pt too wide) in paragraph at lines 1608--1608
[][] 
 []



[318

]
Overfull \vbox (10.0446pt too high) detected at line 1608
 []


Overfull \hbox (37.23637pt too wide) in paragraph at lines 1608--1608
[][] 
 []



[319

]
Overfull \vbox (10.0446pt too high) detected at line 1608
 []


Overfull \hbox (37.23637pt too wide) in paragraph at lines 1608--1608
[][] 
 []



[320

]
Overfull \vbox (17.2946pt too high) detected at line 1654
 []



[321

]
Overfull \vbox (17.2946pt too high) detected at line 1654
 []



[322

]
Overfull \vbox (17.2946pt too high) detected at line 1654
 []



[323

]
Overfull \vbox (17.2946pt too high) detected at line 1654
 []



[324

]
Overfull \vbox (17.2946pt too high) detected at line 1654
 []



[325

]
Overfull \vbox (17.2946pt too high) detected at line 1654
 []



[326

]
Overfull \vbox (17.2946pt too high) detected at line 1654
 []



[327

]
Overfull \vbox (17.2946pt too high) detected at line 1654
 []



[328

]
Overfull \hbox (22.30798pt too wide) in paragraph at lines 1745--1745
[][]  
 []



[329

]
Overfull \hbox (22.30798pt too wide) in paragraph at lines 1745--1745
[][]  
 []



[330

]
Overfull \hbox (22.30798pt too wide) in paragraph at lines 1745--1745
[][]  
 []



[331

]
Overfull \hbox (22.30798pt too wide) in paragraph at lines 1745--1745
[][]  
 []



[332

]
Overfull \hbox (22.30798pt too wide) in paragraph at lines 1745--1745
[][]  
 []



[333

]
Overfull \hbox (22.30798pt too wide) in paragraph at lines 1745--1745
[][]  
 []



[334

]
Overfull \hbox (22.30798pt too wide) in paragraph at lines 1745--1745
[][]  
 []



[335

]
Overfull \hbox (22.30798pt too wide) in paragraph at lines 1745--1745
[][]  
 []



[336

]
Overfull \hbox (22.30798pt too wide) in paragraph at lines 1745--1745
[][]  
 []



[337

]
File: HK/figure/Leaver_Tab3ModelA.jpg Graphic file (type bmp)
<HK/figure/Leaver_Tab3ModelA.jpg>


Package natbib Warning: Citation `Leaver2021' on page 338 undefined on input li
ne 1777.


Overfull \hbox (0.79997pt too wide) in paragraph at lines 1777--1777
[][]  
 []

File: HK/figure/Leaver_Fig2.jpg Graphic file (type bmp)
<HK/figure/Leaver_Fig2.jpg>
File: HK/figure/Leaver_Fig3.jpg Graphic file (type bmp)
<HK/figure/Leaver_Fig3.jpg>

Overfull \vbox (37.35184pt too high) detected at line 1777
 []



[338

]
File: HK/figure/Leaver_Tab3ModelA.jpg Graphic file (type bmp)
<HK/figure/Leaver_Tab3ModelA.jpg>


Package natbib Warning: Citation `Leaver2021' on page 339 undefined on input li
ne 1777.


Overfull \hbox (0.79997pt too wide) in paragraph at lines 1777--1777
[][]  
 []

File: HK/figure/Leaver_Fig2.jpg Graphic file (type bmp)
<HK/figure/Leaver_Fig2.jpg>
File: HK/figure/Leaver_Fig3.jpg Graphic file (type bmp)
<HK/figure/Leaver_Fig3.jpg>

Overfull \vbox (37.35184pt too high) detected at line 1777
 []



[339

]
File: HK/figure/Leaver_Tab3ModelA.jpg Graphic file (type bmp)
<HK/figure/Leaver_Tab3ModelA.jpg>


Package natbib Warning: Citation `Leaver2021' on page 340 undefined on input li
ne 1777.


Overfull \hbox (0.79997pt too wide) in paragraph at lines 1777--1777
[][]  
 []

File: HK/figure/Leaver_Fig2.jpg Graphic file (type bmp)
<HK/figure/Leaver_Fig2.jpg>
File: HK/figure/Leaver_Fig3.jpg Graphic file (type bmp)
<HK/figure/Leaver_Fig3.jpg>

Overfull \vbox (37.35184pt too high) detected at line 1777
 []



[340

]
File: HK/figure/Leaver_Tab3ModelA.jpg Graphic file (type bmp)
<HK/figure/Leaver_Tab3ModelA.jpg>


Package natbib Warning: Citation `Leaver2021' on page 341 undefined on input li
ne 1777.


Overfull \hbox (0.79997pt too wide) in paragraph at lines 1777--1777
[][]  
 []

File: HK/figure/Leaver_Fig2.jpg Graphic file (type bmp)
<HK/figure/Leaver_Fig2.jpg>
File: HK/figure/Leaver_Fig3.jpg Graphic file (type bmp)
<HK/figure/Leaver_Fig3.jpg>

Overfull \vbox (37.35184pt too high) detected at line 1777
 []



[341

]
File: HK/figure/Leaver_Tab3ModelA.jpg Graphic file (type bmp)
<HK/figure/Leaver_Tab3ModelA.jpg>


Package natbib Warning: Citation `Leaver2021' on page 342 undefined on input li
ne 1777.


Overfull \hbox (0.79997pt too wide) in paragraph at lines 1777--1777
[][]  
 []

File: HK/figure/Leaver_Fig2.jpg Graphic file (type bmp)
<HK/figure/Leaver_Fig2.jpg>
File: HK/figure/Leaver_Fig3.jpg Graphic file (type bmp)
<HK/figure/Leaver_Fig3.jpg>

Overfull \vbox (37.35184pt too high) detected at line 1777
 []



[342

]
File: HK/figure/Leaver_Tab3ModelA.jpg Graphic file (type bmp)
<HK/figure/Leaver_Tab3ModelA.jpg>


Package natbib Warning: Citation `Leaver2021' on page 343 undefined on input li
ne 1777.


Overfull \hbox (0.79997pt too wide) in paragraph at lines 1777--1777
[][]  
 []

File: HK/figure/Leaver_Fig2.jpg Graphic file (type bmp)
<HK/figure/Leaver_Fig2.jpg>
File: HK/figure/Leaver_Fig3.jpg Graphic file (type bmp)
<HK/figure/Leaver_Fig3.jpg>

Overfull \vbox (37.35184pt too high) detected at line 1777
 []



[343

]
File: HK/figure/Leaver_Tab3ModelA.jpg Graphic file (type bmp)
<HK/figure/Leaver_Tab3ModelA.jpg>


Package natbib Warning: Citation `Leaver2021' on page 344 undefined on input li
ne 1777.


Overfull \hbox (0.79997pt too wide) in paragraph at lines 1777--1777
[][]  
 []

File: HK/figure/Leaver_Fig2.jpg Graphic file (type bmp)
<HK/figure/Leaver_Fig2.jpg>
File: HK/figure/Leaver_Fig3.jpg Graphic file (type bmp)
<HK/figure/Leaver_Fig3.jpg>

Overfull \vbox (37.35184pt too high) detected at line 1777
 []



[344

]
File: HK/figure/Leaver_Tab4ModelA.jpg Graphic file (type bmp)
<HK/figure/Leaver_Tab4ModelA.jpg>


Package natbib Warning: Citation `Leaver2021' on page 345 undefined on input li
ne 1801.


Overfull \hbox (0.79997pt too wide) in paragraph at lines 1801--1801
[][]  
 []



[345

]
File: HK/figure/Leaver_Tab4ModelA.jpg Graphic file (type bmp)
<HK/figure/Leaver_Tab4ModelA.jpg>


Package natbib Warning: Citation `Leaver2021' on page 346 undefined on input li
ne 1801.


Overfull \hbox (0.79997pt too wide) in paragraph at lines 1801--1801
[][]  
 []



[346

]
File: HK/figure/Leaver_Tab4ModelA.jpg Graphic file (type bmp)
<HK/figure/Leaver_Tab4ModelA.jpg>


Package natbib Warning: Citation `Leaver2021' on page 347 undefined on input li
ne 1801.


Overfull \hbox (0.79997pt too wide) in paragraph at lines 1801--1801
[][]  
 []



[347

]
File: HK/figure/Leaver_Tab4ModelA.jpg Graphic file (type bmp)
<HK/figure/Leaver_Tab4ModelA.jpg>


Package natbib Warning: Citation `Leaver2021' on page 348 undefined on input li
ne 1801.


Overfull \hbox (0.79997pt too wide) in paragraph at lines 1801--1801
[][]  
 []



[348

]
File: HK/figure/Leaver_Tab4ModelA.jpg Graphic file (type bmp)
<HK/figure/Leaver_Tab4ModelA.jpg>


Package natbib Warning: Citation `Leaver2021' on page 349 undefined on input li
ne 1801.


Overfull \hbox (0.79997pt too wide) in paragraph at lines 1801--1801
[][]  
 []



[349

]

[350

]

[351

]

[352

]

[353

]

[354

]

[355

]

[356

]

[357

]

[358

]

[359

]

[360

]

[361

]

[362

]

[363

] (./HK.bbl

Package hyperref Warning: Token not allowed in a PDF string (Unicode):
(hyperref)                removing `\translate ' on input line 4.

LaTeX Font Info:    Font shape `JT1/mc/bx/n' in size <8> not available
(Font)              Font shape `JT1/gt/m/n' tried instead on input line 7.
LaTeX Font Info:    Font shape `JY1/mc/bx/n' in size <8> not available
(Font)              Font shape `JY1/gt/m/n' tried instead on input line 7.
LaTeX Font Info:    Kanji font shape `JY1/mc/m/it' undefined
(Font)              No change on input line 8.
LaTeX Font Info:    Kanji font shape `JY1/mc/m/it' undefined
(Font)              No change on input line 9.
LaTeX Font Info:    Kanji font shape `JY1/mc/m/it' undefined
(Font)              No change on input line 12.
LaTeX Font Info:    Kanji font shape `JY1/mc/m/it' undefined
(Font)              No change on input line 13.
LaTeX Font Info:    Kanji font shape `JY1/mc/m/it' undefined
(Font)              No change on input line 19.
LaTeX Font Info:    Kanji font shape `JY1/mc/m/it' undefined
(Font)              No change on input line 19.
LaTeX Font Info:    Kanji font shape `JY1/mc/m/it' undefined
(Font)              No change on input line 25.
LaTeX Font Info:    Kanji font shape `JY1/mc/m/it' undefined
(Font)              No change on input line 25.
LaTeX Font Info:    Kanji font shape `JY1/mc/m/it' undefined
(Font)              No change on input line 30.
LaTeX Font Info:    Kanji font shape `JY1/mc/m/it' undefined
(Font)              No change on input line 30.
LaTeX Font Info:    Kanji font shape `JY1/mc/m/it' undefined
(Font)              No change on input line 33.
LaTeX Font Info:    Kanji font shape `JY1/mc/m/it' undefined
(Font)              No change on input line 41.
LaTeX Font Info:    Kanji font shape `JY1/mc/m/it' undefined
(Font)              No change on input line 44.
LaTeX Font Info:    Kanji font shape `JY1/mc/m/it' undefined
(Font)              No change on input line 50.
LaTeX Font Info:    Kanji font shape `JY1/mc/m/it' undefined
(Font)              No change on input line 51.
LaTeX Font Info:    Kanji font shape `JY1/mc/m/it' undefined
(Font)              No change on input line 55.
LaTeX Font Info:    Kanji font shape `JY1/mc/m/it' undefined
(Font)              No change on input line 56.
LaTeX Font Info:    Kanji font shape `JY1/mc/m/it' undefined
(Font)              No change on input line 62.
LaTeX Font Info:    Kanji font shape `JY1/mc/m/it' undefined
(Font)              No change on input line 63.
LaTeX Font Info:    Kanji font shape `JY1/mc/m/it' undefined
(Font)              No change on input line 69.
LaTeX Font Info:    Kanji font shape `JY1/mc/m/it' undefined
(Font)              No change on input line 70.
LaTeX Font Info:    Kanji font shape `JY1/mc/m/it' undefined
(Font)              No change on input line 73.
LaTeX Font Info:    Kanji font shape `JY1/mc/m/it' undefined
(Font)              No change on input line 78.
LaTeX Font Info:    Kanji font shape `JY1/mc/m/it' undefined
(Font)              No change on input line 83.
LaTeX Font Info:    Kanji font shape `JY1/mc/m/it' undefined
(Font)              No change on input line 84.
LaTeX Font Info:    Kanji font shape `JY1/mc/m/it' undefined
(Font)              No change on input line 87.
LaTeX Font Info:    Kanji font shape `JY1/mc/m/it' undefined
(Font)              No change on input line 91.
LaTeX Font Info:    Kanji font shape `JY1/mc/m/it' undefined
(Font)              No change on input line 92.
LaTeX Font Info:    Kanji font shape `JY1/mc/m/it' undefined
(Font)              No change on input line 97.
LaTeX Font Info:    Kanji font shape `JY1/mc/m/it' undefined
(Font)              No change on input line 98.
LaTeX Font Info:    Font shape `OT1/zi4/m/n' will be
(Font)              scaled to size 8.0pt on input line 102.
LaTeX Font Info:    Kanji font shape `JY1/mc/m/it' undefined
(Font)              No change on input line 106.
LaTeX Font Info:    Kanji font shape `JY1/mc/m/it' undefined
(Font)              No change on input line 107.
LaTeX Font Info:    Kanji font shape `JY1/mc/m/it' undefined
(Font)              No change on input line 110.
LaTeX Font Info:    Kanji font shape `JY1/mc/m/it' undefined
(Font)              No change on input line 114.
)

[364

]

[365


]
File: c:/seiro/docs/external/seishin/lec_slides/2024/HK/figure/ADKPV2021_Fig1sm
all.jpg Graphic file (type bmp)
<c:/seiro/docs/external/seishin/lec_slides/2024/HK/figure/ADKPV2021_Fig1small.j
pg>


Package natbib Warning: Citation `ADKPV2020' on page 366 undefined on input lin
e 1883.


LaTeX Font Warning: Command \footnotesize invalid in math mode on input line 18
83.


Overfull \vbox (6.95499pt too high) detected at line 1883
 []



[366

]
File: c:/seiro/docs/external/seishin/lec_slides/2024/HK/figure/ADKPV2021_Fig1sm
all.jpg Graphic file (type bmp)
<c:/seiro/docs/external/seishin/lec_slides/2024/HK/figure/ADKPV2021_Fig1small.j
pg>


Package natbib Warning: Citation `ADKPV2020' on page 367 undefined on input lin
e 1883.


LaTeX Font Warning: Command \footnotesize invalid in math mode on input line 18
83.


Overfull \vbox (6.95499pt too high) detected at line 1883
 []



[367

]
File: c:/seiro/docs/external/seishin/lec_slides/2024/HK/figure/ADKPV2021_Fig1sm
all.jpg Graphic file (type bmp)
<c:/seiro/docs/external/seishin/lec_slides/2024/HK/figure/ADKPV2021_Fig1small.j
pg>


Package natbib Warning: Citation `ADKPV2020' on page 368 undefined on input lin
e 1883.


LaTeX Font Warning: Command \footnotesize invalid in math mode on input line 18
83.


Overfull \vbox (6.95499pt too high) detected at line 1883
 []



[368

]
File: c:/seiro/docs/external/seishin/lec_slides/2024/HK/figure/ADKPV2021_Fig1sm
all.jpg Graphic file (type bmp)
<c:/seiro/docs/external/seishin/lec_slides/2024/HK/figure/ADKPV2021_Fig1small.j
pg>


Package natbib Warning: Citation `ADKPV2020' on page 369 undefined on input lin
e 1883.


LaTeX Font Warning: Command \footnotesize invalid in math mode on input line 18
83.


Overfull \vbox (6.95499pt too high) detected at line 1883
 []



[369

]
File: c:/seiro/docs/external/seishin/lec_slides/2024/HK/figure/ADKPV2021_Fig1sm
all.jpg Graphic file (type bmp)
<c:/seiro/docs/external/seishin/lec_slides/2024/HK/figure/ADKPV2021_Fig1small.j
pg>


Package natbib Warning: Citation `ADKPV2020' on page 370 undefined on input lin
e 1883.


LaTeX Font Warning: Command \footnotesize invalid in math mode on input line 18
83.


Overfull \vbox (6.95499pt too high) detected at line 1883
 []



[370

]
File: c:/seiro/docs/external/seishin/lec_slides/2024/HK/figure/ADKPV2021_Fig1sm
all.jpg Graphic file (type bmp)
<c:/seiro/docs/external/seishin/lec_slides/2024/HK/figure/ADKPV2021_Fig1small.j
pg>


Package natbib Warning: Citation `ADKPV2020' on page 371 undefined on input lin
e 1883.


LaTeX Font Warning: Command \footnotesize invalid in math mode on input line 18
83.


Overfull \vbox (6.95499pt too high) detected at line 1883
 []



[371

]
File: c:/seiro/docs/external/seishin/lec_slides/2024/HK/figure/ADKPV2021_Fig1sm
all.jpg Graphic file (type bmp)
<c:/seiro/docs/external/seishin/lec_slides/2024/HK/figure/ADKPV2021_Fig1small.j
pg>


Package natbib Warning: Citation `ADKPV2020' on page 372 undefined on input lin
e 1883.


LaTeX Font Warning: Command \footnotesize invalid in math mode on input line 18
83.


Overfull \vbox (6.95499pt too high) detected at line 1883
 []



[372

]
File: c:/seiro/docs/external/seishin/lec_slides/2024/HK/figure/LabourSharesFRED
.pdf Graphic file (type pdf)
<c:/seiro/docs/external/seishin/lec_slides/2024/HK/figure/LabourSharesFRED.pdf>


Overfull \vbox (7.96545pt too high) detected at line 1889
 []



[373

]

[374

]

[375

]
File: c:/seiro/docs/external/seishin/lec_slides/2024/HK/figure/LabourForceRates
.pdf Graphic file (type pdf)
<c:/seiro/docs/external/seishin/lec_slides/2024/HK/figure/LabourForceRates.pdf>



[376

]
File: c:/seiro/docs/external/seishin/lec_slides/2024/HK/figure/LabourForceRates
.pdf Graphic file (type pdf)
<c:/seiro/docs/external/seishin/lec_slides/2024/HK/figure/LabourForceRates.pdf>



[377

]
File: c:/seiro/docs/external/seishin/lec_slides/2024/HK/figure/LabourForceRates
.pdf Graphic file (type pdf)
<c:/seiro/docs/external/seishin/lec_slides/2024/HK/figure/LabourForceRates.pdf>



[378

]
File: c:/seiro/docs/external/seishin/lec_slides/2024/HK/figure/LabourForceRates
.pdf Graphic file (type pdf)
<c:/seiro/docs/external/seishin/lec_slides/2024/HK/figure/LabourForceRates.pdf>



[379

]
File: c:/seiro/docs/external/seishin/lec_slides/2024/HK/figure/LabourForceRates
.pdf Graphic file (type pdf)
<c:/seiro/docs/external/seishin/lec_slides/2024/HK/figure/LabourForceRates.pdf>



[380

]
File: c:/seiro/docs/external/seishin/lec_slides/2024/HK/figure/LabourForceRates
.pdf Graphic file (type pdf)
<c:/seiro/docs/external/seishin/lec_slides/2024/HK/figure/LabourForceRates.pdf>



[381

]
File: c:/seiro/docs/external/seishin/lec_slides/2024/HK/figure/LabourForceRates
ByMaritalStatus.pdf Graphic file (type pdf)
<c:/seiro/docs/external/seishin/lec_slides/2024/HK/figure/LabourForceRatesByMar
italStatus.pdf>


[382

]
File: c:/seiro/docs/external/seishin/lec_slides/2024/HK/figure/LabourForceRates
ByMaritalStatus.pdf Graphic file (type pdf)
<c:/seiro/docs/external/seishin/lec_slides/2024/HK/figure/LabourForceRatesByMar
italStatus.pdf>


[383

]
File: c:/seiro/docs/external/seishin/lec_slides/2024/HK/figure/LabourForceRates
ByMaritalStatus.pdf Graphic file (type pdf)
<c:/seiro/docs/external/seishin/lec_slides/2024/HK/figure/LabourForceRatesByMar
italStatus.pdf>


[384

]
File: c:/seiro/docs/external/seishin/lec_slides/2024/HK/figure/LabourForceRates
ByMaritalStatus.pdf Graphic file (type pdf)
<c:/seiro/docs/external/seishin/lec_slides/2024/HK/figure/LabourForceRatesByMar
italStatus.pdf>


[385

]
File: c:/seiro/docs/external/seishin/lec_slides/2024/HK/figure/LabourForceRates
ByMaritalStatus.pdf Graphic file (type pdf)
<c:/seiro/docs/external/seishin/lec_slides/2024/HK/figure/LabourForceRatesByMar
italStatus.pdf>


[386

]
\tf@nav=\write7
\openout7 = `HK.nav'.

\tf@toc=\write8
\openout8 = `HK.toc'.

\tf@snm=\write9
\openout9 = `HK.snm'.



Package natbib Warning: There were undefined citations.

(./HK.aux

Package natbib Warning: Citation(s) may have changed.
(natbib)                Rerun to get citations correct.

)
 ***********
pLaTeX2e <2023-02-14>+1, based on
LaTeX2e <2024-06-01>
L3 programming layer <2024-05-08>
 ***********


LaTeX Warning: Label(s) may have changed. Rerun to get cross-references right.


Package rerunfilecheck Warning: File `HK.out' has changed.
(rerunfilecheck)                Rerun to get outlines right
(rerunfilecheck)                or use package `bookmark'.

Package rerunfilecheck Info: Checksums for `HK.out':
(rerunfilecheck)             Before: D41D8CD98F00B204E9800998ECF8427E;0
(rerunfilecheck)             After:  AEA4B6A8AE45636C75679C2F0DFA4493;93.
 ) 
Here is how much of TeX's memory you used:
 45733 strings out of 474259
 1078001 string characters out of 5747049
 1970738 words of memory out of 5000000
 67679 multiletter control sequences out of 15000+600000
 582460 words of font info for 128 fonts, out of 8000000 for 9000
 929 hyphenation exceptions out of 8191
 133i,18n,426p,1077b,2622s stack positions out of 10000i,1000n,20000p,200000b,200000s

Output written on HK.dvi (387 pages, 3093772 bytes).
